ISO693-3,Range Size (km2),L1 Population,Island Endemic,Phoneme Inventory Size,Distance to Mainland,Distance to Continent
aaa,237.9168376,9000,FALSE,,0,0
aab,39.74887297,7000,FALSE,,0,0
aac,1109.64767,50,FALSE,,0,0
aad,63.88392598,830,FALSE,,0,0
aae,574.5043403,100000,FALSE,,0,0
aaf,78.67198282,200,FALSE,,0,0
aag,43.79372851,290,FALSE,,0,0
aai,192.3558238,3470,FALSE,,0,0
aak,250.6929864,1600,FALSE,19,0,0
aal,1529.391415,5000,FALSE,,0,0
aam,9212.011629,,FALSE,,0,0
aan,533.3120023,6,FALSE,,0,0
aao,1321585.242,,FALSE,,0,0
aap,5346.871946,340,FALSE,,0,0
aaq,37692.64167,1800,FALSE,19,0,0
aar,134557.5715,1379200,FALSE,25,0,0
aas,818.1030774,350,FALSE,,0,0
aat,8590.63801,50000,FALSE,,0,0
aau,1614.383297,7270,FALSE,17,0,0
aaw,990.8485482,2200,FALSE,,0,0
aax,4149.91216,10000,FALSE,,0,0
aay,3391.957529,,FALSE,,0,0
aaz,796.699093,70000,FALSE,,0,0
aba,4247.516469,170000,FALSE,,0,0
abb,422.3021144,12000,FALSE,,0,0
abc,74.61241762,1660,FALSE,,0,0
abd,21.60076001,3800,FALSE,,0,0
abe,361.4822082,14,FALSE,,0,0
abf,55.15943089,0,FALSE,,0,0
abg,79.27112343,5,FALSE,,0,0
abh,255.6800263,,FALSE,,0,0
abi,1132.686288,50500,FALSE,,0,0
abj,257.4257701,0,TRUE,,361141.1371,361141.1371
abk,4491.484006,105000,FALSE,36,0,0
abl,1838.01105,180000,FALSE,,0,0
abm,167.0389991,12500,FALSE,25,0,0
abn,434.9406094,25000,FALSE,37,0,0
abo,136.3567191,1000,FALSE,,0,0
abp,119.3023767,3000,FALSE,,0,0
abq,1274.26507,37800,FALSE,36,0,0
abr,14720.44693,1183000,FALSE,31,0,0
abs,589.1662468,,FALSE,,0,0
abt,1148.438033,44000,FALSE,24,0,0
abu,1116.497132,55100,FALSE,,0,0
abv,770.9476861,,FALSE,,0,0
abw,109.2344334,1160,FALSE,,0,0
abx,30.86787893,26400,TRUE,,9305.060444,1416387.463
aby,1393.388888,650,FALSE,,0,0
abz,619.773181,16000,TRUE,,31987.46765,625460.0625
aca,3436.250136,250,FALSE,,0,0
acb,4.515311254,,FALSE,,0,0
acc,1148.410112,,FALSE,26,0,0
acd,839.8624936,10400,FALSE,,0,0
ace,17513.32485,3500000,FALSE,,0,0
acf,1486.694118,,TRUE,,14369.27879,14369.27879
ach,33075.98399,1197000,FALSE,28,0,0
aci,351.4808957,0,TRUE,,292641.4351,292641.4351
ack,580.0511991,0,TRUE,,425322.0288,425322.0288
acl,597.6186084,0,TRUE,,361141.1371,361141.1371
acm,144593.6839,,FALSE,31,0,0
acn,1407.802625,62700,FALSE,,0,0
acp,1534.489664,5000,FALSE,,0,0
acq,107671.85,,FALSE,,0,0
acr,1721.363664,85600,FALSE,,0,0
acs,37725.69165,0,FALSE,,0,0
act,1304.74969,,FALSE,,0,0
acu,21531.5712,7000,FALSE,,0,0
acv,632.6177998,10,FALSE,35,0,0
acw,284550.0518,,FALSE,,0,0
acx,42075.99083,,FALSE,,0,0
acy,4.191333823,,TRUE,36,70405.42998,70405.42998
acz,13.8954338,9830,FALSE,,0,0
ada,4557.238529,800000,FALSE,33,0,0
add,124.8504977,2600,FALSE,,0,0
ade,1391.370206,27300,FALSE,,0,0
adf,2517.689251,,FALSE,,0,0
adg,19734.49005,10,FALSE,,0,0
adh,901.4536704,360000,FALSE,,0,0
adi,34821.72259,98090,FALSE,,0,0
adj,1449.869996,100000,FALSE,28,0,0
adl,674.7338859,30000,FALSE,,0,0
adn,64.25482901,3000,TRUE,,31987.46765,625460.0625
ado,1123.4818,4200,FALSE,,0,0
adp,105.5502886,,FALSE,,0,0
adq,626.2388692,2200,FALSE,,0,0
adr,562.204801,98000,TRUE,,0,0
ads,609.3560119,,FALSE,,0,0
adt,13005.59611,110,FALSE,27,0,0
adu,204.8999948,,FALSE,,0,0
adw,782.7003613,83,FALSE,,0,0
adx,284587.2808,1800000,FALSE,,0,0
ady,10289.2598,467800,FALSE,40,0,0
adz,1719.712857,30000,FALSE,24,0,0
aea,23358.53405,0,FALSE,,0,0
aeb,152990.3004,,FALSE,30,0,0
aec,153763.0848,,FALSE,,0,0
aee,295.3152986,54400,FALSE,41,0,0
aek,49.02544197,300,FALSE,,0,0
ael,135.4581596,2600,FALSE,,0,0
aem,234.2331824,40,FALSE,,0,0
aeq,0.137663092,100,FALSE,,0,0
aer,32816.58325,2380,FALSE,,0,0
aes,5379.961224,,FALSE,40,0,0
aeu,3969.224966,11400,FALSE,,0,0
aew,666.0886258,770,FALSE,,0,0
aey,131.235047,5300,FALSE,,0,0
aez,493.0177689,3400,FALSE,23,0,0
afb,542039.9329,,FALSE,32,0,0
afd,559.6296232,400,FALSE,,0,0
afe,298.5059688,70000,FALSE,,0,0
afg,4736.47368,,FALSE,,0,0
afi,44.57510472,75,FALSE,,0,0
afk,145.4640171,1270,FALSE,,0,0
afn,64.95884589,200,FALSE,,0,0
afo,1957.505774,25000,FALSE,31,0,0
afp,87.77893055,290,FALSE,,0,0
afr,934682.0892,6969900,FALSE,24,0,0
afs,1086.937282,,FALSE,,0,0
aft,212.0704885,4510,FALSE,29,0,0
afu,681.1160826,180000,FALSE,,0,0
afz,533.4207451,120,FALSE,,0,0
aga,7070.683248,,FALSE,,0,0
agb,137.0258179,60000,FALSE,33,0,0
agc,3869.884721,70000,FALSE,,0,0
agd,528.1512796,27000,FALSE,,0,0
age,431.5602417,18600,FALSE,25,0,0
agf,1.511091478,150,TRUE,,3296.58577,940181.5452
agg,180.3455969,1270,FALSE,22,0,0
agh,19354.80695,13600,FALSE,,0,0
agi,1198.054843,,FALSE,,0,0
agj,700.5564325,43700,FALSE,,0,0
agk,85.66365437,5,FALSE,,0,0
agl,570.8799602,350,FALSE,,0,0
agm,521.8568323,2100,FALSE,18,0,0
agn,195.2183969,15000,FALSE,,0,0
ago,892.7974601,1000,FALSE,17,0,0
agp,615.4119624,,FALSE,,0,0
agq,184.4063905,26700,FALSE,29,0,0
agr,33530.51394,38300,FALSE,22,0,0
ags,862.7834461,20000,FALSE,,0,0
agt,245.4172067,780,FALSE,,0,0
agu,283.514594,18000,FALSE,30,0,0
agv,1008.842595,2530,FALSE,,0,0
agw,352.4989952,5170,TRUE,,1043861.154,1735961.236
agx,1393.886133,29300,FALSE,41,0,0
agy,101.3375245,1000,FALSE,,0,0
agz,132.8506257,1500,FALSE,,0,0
aha,569.6158178,142000,FALSE,,0,0
ahb,81.25074797,750,TRUE,,518849.5524,1792338.995
ahg,1216.044184,1650,FALSE,31,0,0
ahh,2874.331561,3000,FALSE,20,0,0
ahi,157.4817302,9000,FALSE,,0,0
ahk,11467.16747,563960,FALSE,38,0,0
ahl,88.96138336,6000,FALSE,,0,0
ahm,14.62506664,2000,FALSE,,0,0
ahn,181.2063298,300,FALSE,,0,0
aho,393.1499043,0,FALSE,,0,0
ahp,308.2783063,6500,FALSE,,0,0
ahr,2279.562371,,FALSE,,0,0
ahs,200.5158566,40000,FALSE,,0,0
aht,12816.94147,80,FALSE,,0,0
aia,417.5116295,6750,TRUE,22,1043861.154,1735961.236
aib,199.8900283,6570,FALSE,,0,0
aic,71.98390068,100,FALSE,,0,0
aid,4372.904541,0,FALSE,,0,0
aie,141.4550889,230,FALSE,,0,0
aif,53.23936436,960,FALSE,,0,0
aig,874.4872319,,TRUE,,498969.28,498969.28
aih,117.6520615,2700,FALSE,,0,0
aii,4489.472735,75000,FALSE,33,0,0
aik,149.5375343,3000,FALSE,,0,0
ail,857.8595456,140,FALSE,,0,0
aim,404.9449511,2640,FALSE,,0,0
ain,106364.7485,25,FALSE,17,0,0
aio,1362.489967,1500,FALSE,,0,0
aip,239.036565,40,FALSE,,0,0
aiq,33182.32241,480000,FALSE,,0,0
air,1151.205623,1000,FALSE,,0,0
ais,0.079649348,,FALSE,,0,0
ait,11216.1495,0,FALSE,,0,0
aiw,2967.737588,235000,FALSE,,0,0
aix,1978.405491,2000,FALSE,,0,0
aiy,4129.527523,35000,FALSE,,0,0
aja,224.3745458,200,FALSE,,0,0
ajg,4717.47658,512500,FALSE,36,0,0
aji,1793.922529,5360,FALSE,34,0,0
ajp,28329.0173,,FALSE,31,0,0
ajt,4549.356594,,FALSE,,0,0
aju,176.340016,8930,FALSE,,0,0
ajw,119.3670655,0,FALSE,,0,0
ajz,4367.48908,125000,FALSE,,0,0
aka,57753.6386,8300000,FALSE,25,0,0
akb,12490.17653,750000,FALSE,,0,0
akc,2117.685559,7000,FALSE,,0,0
akd,314.1929249,11400,FALSE,,0,0
ake,24028.84425,5350,FALSE,,0,0
akf,607.1416916,26900,FALSE,,0,0
akg,600.5974572,16000,TRUE,,45804.71934,694108.798
akh,459.7214371,40000,FALSE,,0,0
aki,233.4457151,750,FALSE,,0,0
akj,499.2048237,0,TRUE,,292641.4351,292641.4351
akl,1982.206996,435000,FALSE,,0,0
akm,167.7378276,0,TRUE,,361141.1371,361141.1371
ako,63.24607984,10,FALSE,,0,0
akp,193.72089,27000,FALSE,,0,0
akq,45.73479373,75,FALSE,,0,0
akr,0.297244849,8,TRUE,,579122.6139,1810829.056
aks,941.7681129,47500,FALSE,,0,0
akt,160.6620919,950,FALSE,,0,0
aku,82.75162877,1400,FALSE,,0,0
akv,726.541859,210,FALSE,43,0,0
akw,6199.820584,24100,FALSE,25,0,0
akx,334.9296723,0,TRUE,,292641.4351,292641.4351
aky,135.2169338,0,TRUE,,361141.1371,361141.1371
akz,140.7145481,250,FALSE,19,0,0
ala,1487.311511,35100,FALSE,,0,0
alc,475.9967229,12,TRUE,20,44815.12003,44815.12003
ald,575.8632609,23000,FALSE,,0,0
ale,2622.77765,500,FALSE,23,0,0
alf,91.35898236,16300,FALSE,,0,0
alh,20841.84384,12,FALSE,27,0,0
ali,441.1561953,1780,FALSE,,0,0
alj,1179.641991,7690,TRUE,,13542.81472,1124520.3
alk,109.3564884,4000,FALSE,,0,0
all,142.2945816,350,FALSE,,0,0
alm,75.60867835,300,TRUE,,569961.3384,1795687.399
aln,27339.79807,6678000,FALSE,38,0,0
alo,46.97916275,12600,TRUE,,9389.770241,918970.446
alp,1429.401639,17200,FALSE,,0,0
alq,1864.199413,1760,FALSE,,0,0
alr,4585.715876,25,FALSE,23,0,0
als,14998.98513,1580000,FALSE,35,0,0
alt,48518.22049,57400,FALSE,30,0,0
alu,1411.967161,17900,TRUE,18,931865.4446,1656238.332
alw,2018.329296,287000,FALSE,,0,0
alx,14.71762023,270,FALSE,,0,0
aly,129123.9189,1660,FALSE,26,0,0
alz,6323.558489,1367000,FALSE,34,0,0
ama,22801.38842,192,FALSE,,0,0
amb,47.32848158,1000,FALSE,,0,0
amc,11383.64365,310,FALSE,18,0,0
ame,7776.429374,9830,FALSE,23,0,0
amf,8552.967708,73500,FALSE,34,0,0
amg,1005.362904,1,FALSE,,0,0
amh,146162.2118,21600000,FALSE,33,0,0
ami,2225.17797,138000,FALSE,21,0,0
amj,2806.415762,41100,FALSE,,0,0
amk,179.5938103,10100,TRUE,,22739.93143,1103286.619
aml,932.5965367,41900,FALSE,32,0,0
amm,239.3383461,480,FALSE,,0,0
amn,625.0046834,4420,FALSE,,0,0
amo,499.3242321,12300,FALSE,,0,0
amp,616.232485,1530,FALSE,25,0,0
amq,26.20814444,50,FALSE,,0,0
amr,3447.23207,500,FALSE,20,0,0
ams,242.9613763,1800,TRUE,,290691.475,695429.4137
amt,172.8434664,300,FALSE,,0,0
amu,753.9421023,30600,FALSE,27,0,0
amv,106.9085844,5700,TRUE,,67910.35908,956042.0454
amw,87.31494723,15000,FALSE,,0,0
amx,28236.22597,1000,FALSE,,0,0
amy,544.505865,30,FALSE,,0,0
amz,5731.587609,0,FALSE,22,0,0
a,17745.80221,0,FALSE,,0,0
anb,6204.55966,0,FALSE,20,0,0
anc,1303.721168,400000,FALSE,37,0,0
and,170.6583906,4600,TRUE,,22739.93143,1103174.957
ane,1628.832087,5730,FALSE,31,0,0
anf,2.804635779,700,FALSE,,0,0
anh,196.9995988,2000,FALSE,,0,0
ani,388.7681735,5800,FALSE,46,0,0
anj,171.7178675,980,FALSE,,0,0
ank,1833.918032,200000,FALSE,35,0,0
anl,192.6324382,4000,FALSE,,0,0
anm,820.506192,23250,FALSE,,0,0
ann,1286.897472,250000,FALSE,,0,0
ano,932.0418427,370,FALSE,23,0,0
anp,6194.535318,743600,FALSE,,0,0
anq,336.9250366,250,TRUE,31,438880.054,438880.054
anr,6244.092724,100000,FALSE,,0,0
ans,23885.81955,0,FALSE,,0,0
ant,5256.058528,12,FALSE,,0,0
anu,17141.74554,140000,FALSE,29,0,0
anv,1885.831513,11200,FALSE,,0,0
anw,1339.068871,1400000,FALSE,,0,0
any,28860.74475,860000,FALSE,30,0,0
anz,479.4386161,800,FALSE,,0,0
aoa,117.1581835,,TRUE,,237582.2952,237582.2952
aob,227.7675705,15,FALSE,,0,0
aoc,57356.64123,6010,FALSE,17,0,0
aod,251.6265086,1080,FALSE,,0,0
aoe,350.0380029,22000,FALSE,,0,0
aof,35.18470243,460,FALSE,,0,0
aog,1259.276952,8220,FALSE,22,0,0
aoh,13180.00401,,FALSE,,0,0
aoi,2549.055336,1290,TRUE,24,7844.379456,7844.379456
aoj,323.9030609,11000,FALSE,,0,0
aok,137.7289943,10,FALSE,,0,0
aol,102.5399087,25000,TRUE,,31987.46765,625460.0625
aom,374.5868873,800,FALSE,22,0,0
aon,71.22309418,4340,FALSE,,0,0
aor,43.37530992,,TRUE,,591875.3422,1828828.168
aos,810.7556659,500,FALSE,20,0,0
aot,457.9693848,10000,FALSE,,0,0
aox,66047.2167,0,FALSE,,0,0
aoz,10812.10701,700000,FALSE,,0,0
apb,426.3136855,11500,TRUE,20,986843.4856,1774285.275
apc,43265.61661,,FALSE,30,0,0
apd,824561.9554,,FALSE,,0,0
ape,1025.27949,16200,FALSE,,0,0
apg,2543.35691,30000,FALSE,,0,0
aph,60.38817311,5530,FALSE,,0,0
api,2358.367988,1,FALSE,,0,0
apj,1338.164975,300,FALSE,,0,0
apk,122.8686826,3,FALSE,36,0,0
apl,344.8436024,,FALSE,,0,0
apm,1543.9122,1500,FALSE,,0,0
apn,3632.960011,1260,FALSE,22,0,0
apo,2.030676778,1200,TRUE,,448.8132663,929764.7019
app,248.8909039,7800,TRUE,,615633.4504,1894289.56
apq,580.5957755,,TRUE,24,361141.1371,361141.1371
apr,509.5806607,3020,TRUE,,24287.97156,769483.3223
aps,64.02560885,1150,FALSE,,0,0
apt,2597.936401,28400,FALSE,,0,0
apu,31499.19032,2780,FALSE,,0,0
apw,8020.638066,14000,FALSE,37,0,0
apx,110.243839,150,TRUE,,50469.26819,643115.676
apy,2492.492708,450,FALSE,19,0,0
apz,696.4345831,2390,FALSE,23,0,0
aqc,45.71753528,970,FALSE,40,0,0
aqg,308.8835587,48000,FALSE,,0,0
aqm,351.1247782,1000,FALSE,20,0,0
aqn,26.00317346,200,FALSE,,0,0
aqp,28501.64486,,FALSE,18,0,0
aqr,123.920698,170,FALSE,,0,0
arb,920612.6026,,FALSE,27,0,0
ard,76870.06602,12,FALSE,25,0,0
are,36964.17591,1000,FALSE,25,0,0
arg,6077.001672,10000,FALSE,,0,0
arh,631.2377903,8000,FALSE,25,0,0
ari,834.6544306,10,FALSE,17,0,0
arj,12016.32871,268,FALSE,,0,0
ark,779.5339688,2,FALSE,,0,0
arl,989.9474788,50,FALSE,16,0,0
arn,160318.775,258410,FALSE,26,0,0
aro,359.8258262,110,FALSE,,0,0
arp,5123.384928,1000,FALSE,17,0,0
arq,227665.7664,,FALSE,27,0,0
arr,1644.614861,210,FALSE,,0,0
ars,1616558.044,,FALSE,,0,0
arv,1694.679922,7210,FALSE,,0,0
arw,11455.71294,2450,FALSE,19,0,0
arx,359.6593433,12,FALSE,,0,0
ary,145523.2456,,FALSE,30,0,0
arz,33126.31282,,FALSE,28,0,0
asa,8158.179661,500000,FALSE,,0,0
asb,2913.005576,0,FALSE,,0,0
asc,1115.212835,9000,FALSE,,0,0
asd,66.12080056,,FALSE,,0,0
asf,227303.8191,,FALSE,,0,0
asg,20051.62988,100000,FALSE,,0,0
ash,10400.79285,0,FALSE,,0,0
asi,1320.728874,1000,FALSE,19,0,0
asj,114.969579,7000,FALSE,,0,0
ask,934.2144448,40000,FALSE,37,0,0
asl,43.25851855,8760,TRUE,,9389.770241,918970.446
asm,53477.72112,12800000,FALSE,33,0,0
asn,875.9163288,120,FALSE,,0,0
aso,216.298768,30000,FALSE,20,0,0
asp,4541.764651,,FALSE,,0,0
asr,449.7530783,7000,FALSE,,0,0
ass,362.3284375,2500,FALSE,,0,0
ast,38247.31756,110000,FALSE,,0,0
asu,1959.118596,300,FALSE,18,0,0
asv,827.896985,25500,FALSE,,0,0
asw,1353129.525,,FALSE,,0,0
asx,99.31456912,810,FALSE,,0,0
asy,510.2622294,2000,FALSE,,0,0
asz,103.6132912,230,FALSE,,0,0
ata,760.4290759,2000,FALSE,,0,0
atb,3455.982092,110000,FALSE,34,0,0
atd,1736.511127,26700,FALSE,,0,0
ate,18.27210964,60,FALSE,,0,0
atg,208.9153388,20000,FALSE,,0,0
ati,7770.259007,381000,FALSE,,0,0
atj,789.1820342,5920,FALSE,,0,0
atk,657.2713666,1500,FALSE,,0,0
atl,71.45008715,150,FALSE,,0,0
atm,2185.55024,2,FALSE,20,0,0
atn,4838.440357,21100,FALSE,,0,0
ato,143.1108771,4200,FALSE,,0,0
atp,15.19968314,710,FALSE,,0,0
atq,457.8044824,12000,FALSE,,0,0
atr,31180.86377,930,FALSE,,0,0
ats,327.8787608,10,FALSE,18,0,0
att,92.24134596,1000,FALSE,18,0,0
atu,1533.354512,50000,FALSE,,0,0
atv,10483.92892,57400,FALSE,23,0,0
atw,6.841364708,,FALSE,33,0,0
atx,2919.779349,42,FALSE,,0,0
aty,91.54187963,900,TRUE,25,359791.694,1808200.682
atz,77.38979146,11,FALSE,,0,0
aua,18.00058106,10,TRUE,,1009481.146,2077985.632
aub,800.803335,3500,FALSE,,0,0
auc,8931.936835,1650,FALSE,20,0,0
aue,35957.24552,,FALSE,,0,0
aug,466.6365402,3470,FALSE,,0,0
auh,44275.15235,100000,FALSE,,0,0
aui,159.759697,890,FALSE,,0,0
auj,3641.535273,3000,FALSE,,0,0
auk,292.7456888,2710,FALSE,,0,0
aul,64.6243214,750,TRUE,25,518849.5524,1792338.995
aum,576.1069409,5000,FALSE,,0,0
aun,29.00483896,500,FALSE,,0,0
auo,79.82579823,,FALSE,,0,0
aup,498.6275492,1300,FALSE,,0,0
auq,101.655368,320,FALSE,,0,0
aur,437.9928087,740,FALSE,,0,0
aut,63.98137578,3000,TRUE,,3328881.941,5512687.404
auu,1035.050471,350,FALSE,,0,0
auw,175.0795289,350,FALSE,21,0,0
aux,25456.35716,0,FALSE,,0,0
auy,354.1199045,11100,FALSE,23,0,0
auz,360.0929728,,FALSE,,0,0
ava,12302.3412,761000,FALSE,44,0,0
avb,36.40159325,620,FALSE,,0,0
avd,289.2531805,0,FALSE,,0,0
ave,30731.47065,0,FALSE,37,0,0
avi,376.3158576,21000,FALSE,,0,0
avl,120041.1099,,FALSE,,0,0
avn,107.9532798,24000,FALSE,,0,0
avo,10327.88827,,FALSE,,0,0
avs,9756.182448,0,FALSE,,0,0
avt,220.9246331,8000,FALSE,16,0,0
avu,4655.96977,65000,FALSE,,0,0
avv,3453.656369,14,FALSE,,0,0
awa,42455.3203,3032000,FALSE,45,0,0
awb,329.274314,2050,FALSE,19,0,0
awc,675.227251,20000,FALSE,,0,0
awe,550.2100925,170,FALSE,,0,0
awh,534.8606075,100,FALSE,,0,0
awi,4822.036755,8000,FALSE,22,0,0
awk,43944.28719,0,FALSE,,0,0
awm,44.42797704,60,FALSE,,0,0
awn,6028.933254,489000,FALSE,29,0,0
awo,73.06974588,6000,FALSE,,0,0
awr,481.2200691,70,FALSE,,0,0
aws,2001.947494,9340,FALSE,18,0,0
awt,633.038943,280,FALSE,,0,0
awu,4823.817582,7500,FALSE,,0,0
awv,1507.138437,2300,FALSE,,0,0
aww,172.1921035,400,FALSE,,0,0
awx,212.0244974,1900,FALSE,,0,0
awy,1790.089462,3870,FALSE,,0,0
axb,249006.3414,,FALSE,,0,0
axg,58689.04889,150,FALSE,,0,0
axk,81278.06581,30000,FALSE,,0,0
axx,1243.137625,760,FALSE,34,0,0
aya,27.25658135,1090,FALSE,,0,0
ayb,2321.233434,227000,FALSE,,0,0
ayc,9345.946105,219000,FALSE,,0,0
ayd,3853.731939,0,FALSE,,0,0
aye,156.1366117,3000,FALSE,,0,0
ayg,592.3929442,12000,FALSE,,0,0
ayh,82703.31713,,FALSE,,0,0
ayi,294.6872208,10000,FALSE,,0,0
ayk,74.25532479,0,FALSE,,0,0
ayl,1034077.056,,FALSE,,0,0
ayn,120030.8717,,FALSE,,0,0
ayo,70473.92447,4300,FALSE,26,0,0
ayp,64031.5609,,FALSE,,0,0
ayq,143.4058294,430,FALSE,,0,0
ayr,254003.1584,2589000,FALSE,29,0,0
ays,23.45085157,,FALSE,,0,0
ayt,64.1463677,1000,FALSE,,0,0
ayu,0.263100567,800,FALSE,,0,0
ayx,62.8076614,,FALSE,,0,0
ayy,1277.070493,,FALSE,,0,0
ayz,8434.172396,20000,FALSE,,0,0
aza,932.1827208,53000,FALSE,,0,0
azb,150180.3729,16660000,FALSE,,0,0
azg,58.45918861,3480,FALSE,,0,0
azj,96651.16002,7094000,FALSE,33,0,0
azm,42.86888358,900,FALSE,,0,0
azo,144.4964119,19000,FALSE,,0,0
azt,54.85581429,300,FALSE,,0,0
azz,519.5161606,125000,FALSE,19,0,0
baa,1882.706061,7070,TRUE,24,491307.7385,1513131.779
bab,975.7424409,8860,FALSE,32,0,0
bac,813.2095849,20000,FALSE,,0,0
bae,4944.225998,240,FALSE,,0,0
baf,161.5231991,4500,FALSE,,0,0
bag,1605.199694,26000,FALSE,,0,0
bah,11882.53623,,TRUE,,71624.59707,82614.98599
baj,49.48440297,4450,TRUE,,243013.9474,542752.9591
bak,104629.4944,1150000,FALSE,31,0,0
bam,139361.4877,4005500,FALSE,25,0,0
ban,5847.480334,3330000,TRUE,25,2551.373106,1080284.829
bao,2636.130882,539,FALSE,20,0,0
bap,874.2719598,147400,FALSE,,0,0
bar,18798.50039,14080000,FALSE,,0,0
bas,16173.51989,230000,FALSE,28,0,0
bau,4547.496839,40000,FALSE,,0,0
bav,193.1088131,27000,FALSE,,0,0
baw,61.84988721,10000,FALSE,,0,0
bax,7763.804593,215000,FALSE,33,0,0
bay,6.519726519,3640,TRUE,,125370.4301,509138.4508
baz,3394.847517,,FALSE,29,0,0
bba,33368.80777,560000,FALSE,26,0,0
bbb,997.7430658,800,FALSE,17,0,0
bbc,15897.77838,2000000,FALSE,24,0,0
bbd,40.46347291,3150,FALSE,,0,0
bbe,2230.370111,11000,FALSE,,0,0
bbf,269.8148054,340,FALSE,,0,0
bbg,2330.227362,6000,FALSE,,0,0
bbh,228.9441469,2700,FALSE,,0,0
bbi,183.1426848,3000,FALSE,,0,0
bbj,1028.275162,260000,FALSE,,0,0
bbk,192.5112359,39000,FALSE,31,0,0
bbl,206.9528154,3420,FALSE,40,0,0
bbm,7412.273174,2550,FALSE,,0,0
bbn,31.60537413,10000,TRUE,,62196.55675,966808.7539
bbo,3966.221563,60000,FALSE,,0,0
bbp,3120.629872,7500,FALSE,,0,0
bbq,92.07075304,10800,FALSE,,0,0
bbr,366.3195748,4000,FALSE,,0,0
bbs,138.25574,4000,FALSE,,0,0
bbt,69.11992074,12000,FALSE,,0,0
bbu,167.8512144,40000,FALSE,,0,0
bbv,85.9725157,920,FALSE,,0,0
bbw,53.33821957,24500,FALSE,,0,0
bbx,223.599464,,FALSE,,0,0
bby,208.5069529,2980,FALSE,,0,0
bbz,2974.430616,,FALSE,,0,0
bca,21288.69663,800000,FALSE,,0,0
bcb,63.41457123,,FALSE,,0,0
bcc,197875.6875,3305000,FALSE,,0,0
bcd,147.1529117,1000,TRUE,,257178.4214,415634.5992
bce,71.50498314,4000,FALSE,,0,0
bcf,1535.976187,6310,FALSE,,0,0
bcg,103.2969882,3000,FALSE,,0,0
bch,75.40578402,1380,FALSE,,0,0
bci,29014.66019,2130000,FALSE,26,0,0
bcj,792.8047711,160,FALSE,23,0,0
bck,4703.493146,110,FALSE,,0,0
bcl,7079.127228,2500000,FALSE,21,0,0
bcm,427.3755072,1000,TRUE,,265963.7203,1421666.378
bcn,83.20149035,2000,FALSE,,0,0
bco,602.9173929,2500,FALSE,21,0,0
bcp,25337.57075,42000,FALSE,,0,0
bcq,1903.21708,347000,FALSE,,0,0
bcr,881.0874941,200,FALSE,,0,0
bcs,277.0242778,30000,FALSE,33,0,0
bct,1224.370205,32000,FALSE,,0,0
bcu,11.32417517,1450,FALSE,22,0,0
bcv,225.4874292,10000,FALSE,,0,0
bcw,323.6555201,23000,FALSE,,0,0
bcy,2614.115388,150000,FALSE,,0,0
bcz,1385.371549,30000,FALSE,,0,0
bda,727.5430901,18290,FALSE,,0,0
bdb,8842.800376,15000,FALSE,,0,0
bdc,5067.1725,5000,FALSE,,0,0
bdd,218.9034542,4000,TRUE,,16582.84765,813059.721
bde,3101.047009,250000,FALSE,,0,0
bdg,200.4173242,0,TRUE,,11497.225,974013.0758
bdh,3787.522652,26300,FALSE,,0,0
bdi,4311.172717,18000,FALSE,,0,0
bdj,844.9272886,2500,FALSE,,0,0
bdk,26.28898968,200,FALSE,46,0,0
bdl,60.86464807,150000,FALSE,,0,0
bdm,14168.88562,54800,FALSE,24,0,0
bdn,5.280464981,4,FALSE,,0,0
bdo,669.5681985,4500,FALSE,,0,0
bdp,11814.48362,27000,FALSE,,0,0
bdq,6595.319559,158000,FALSE,34,0,0
bdr,1018.592591,0,FALSE,,0,0
bds,1872.337713,13000,FALSE,,0,0
bdt,16481.62067,130000,FALSE,,0,0
bdu,5149.985404,106000,FALSE,,0,0
bdv,93.83558335,50000,FALSE,,0,0
bdw,4301.771044,1100,FALSE,22,0,0
bdx,3.22958791,70,FALSE,,0,0
bdy,5156.648869,100,FALSE,17,0,0
bdz,5.089833891,,FALSE,,0,0
bea,1837.52441,370,FALSE,,0,0
beb,3183.114684,24000,FALSE,,0,0
bec,573.0798953,12000,FALSE,,0,0
bed,95.2247314,180,FALSE,,0,0
bee,2459.071772,3310,FALSE,,0,0
bef,753.8274878,45000,FALSE,18,0,0
beg,941.0427659,1000,FALSE,,0,0
beh,2748.038111,104080,FALSE,,0,0
bei,1850.684213,4000,FALSE,,0,0
bej,285060.9729,1186000,FALSE,28,0,0
bek,550.9059048,1050,FALSE,,0,0
bel,207199.2519,2220000,FALSE,27,0,0
bem,123572.4812,4110000,FALSE,,0,0
ben,200502.8313,192521100,FALSE,39,0,0
beo,1765.944101,4200,FALSE,18,0,0
bep,476.7424033,10000,FALSE,,0,0
beq,2611.3123,40000,FALSE,27,0,0
bes,282.4609206,1230,FALSE,,0,0
bet,9305.546478,130000,FALSE,,0,0
beu,107.2510203,11000,TRUE,22,76456.17911,632259.6534
bev,2017.480325,130000,FALSE,31,0,0
bew,3324.447923,,FALSE,,0,0
bex,4331.582026,100000,FALSE,,0,0
bey,112.4811941,2200,FALSE,,0,0
bez,14610.91381,670000,FALSE,,0,0
bfa,28003.41994,480000,FALSE,35,0,0
bfb,2925.080945,638000,FALSE,,0,0
bfc,4210.463704,12000,FALSE,,0,0
bfd,150.4939469,105000,FALSE,,0,0
bfe,84.1509779,600,FALSE,,0,0
bff,4245.671298,23500,FALSE,,0,0
bfg,13584.6368,3000,FALSE,,0,0
bfh,1163.748635,670,FALSE,36,0,0
bfi,1630.588307,,FALSE,,0,0
bfj,58.346654,17000,FALSE,,0,0
bfl,73858.17612,35500,FALSE,,0,0
bfm,215.9753787,35000,FALSE,,0,0
bfn,974.9576193,76000,FALSE,,0,0
bfo,3199.799877,108000,FALSE,,0,0
bfp,159.868157,3000,FALSE,,0,0
bfq,344.8653414,135000,FALSE,,0,0
bfr,13873.87626,,FALSE,,0,0
bfs,4436.643041,400000,FALSE,,0,0
bft,111735.0429,290000,FALSE,41,0,0
bfu,140.36641,4000,FALSE,,0,0
bfw,458.620756,9000,FALSE,28,0,0
bfy,47497.6538,2860000,FALSE,,0,0
bfz,6381.090389,1000000,FALSE,,0,0
bga,722.6784461,16000,FALSE,,0,0
bgb,27.75091867,1500,TRUE,,25140.25978,1556213.672
bgc,27591.10356,8000000,FALSE,,0,0
bgd,868.8134613,101000,FALSE,,0,0
bge,4760.260682,27200,FALSE,,0,0
bgf,1079.800308,2700,FALSE,,0,0
bgg,667.2950406,900,FALSE,,0,0
bgi,172.7049702,55000,FALSE,,0,0
bgj,50.84041971,14000,FALSE,,0,0
bgk,580.5064752,2160,FALSE,,0,0
bgl,1396.173193,2950,FALSE,,0,0
bgm,1255.074108,,FALSE,,0,0
bgn,251752.4836,1795000,FALSE,29,0,0
bgo,3399.224998,0,FALSE,,0,0
bgp,88860.63357,1800800,FALSE,35,0,0
bgq,18775.40788,847000,FALSE,,0,0
bgr,2977.812622,15940,FALSE,,0,0
bgs,242.1998492,43000,FALSE,,0,0
bgt,175.6747389,4050,TRUE,26,735060.6255,1645073.611
bgu,141.9374472,3000,FALSE,,0,0
bgv,44.89912216,300,FALSE,21,0,0
bgw,2988.072499,217000,FALSE,,0,0
bgx,2050.970943,331000,FALSE,,0,0
bgy,579.3814295,350,FALSE,,0,0
bgz,2962.689521,125000,TRUE,,11193.8042,1335639.375
bha,1173.460206,197000,FALSE,,0,0
bhb,27847.39874,3310000,FALSE,45,0,0
bhc,11.6229286,300,TRUE,,84936.41463,1009682.913
bhd,4234.931976,53000,FALSE,,0,0
bhe,0.213562682,70,FALSE,,0,0
bhf,144.2971695,240,FALSE,,0,0
bhg,3058.252018,7000,FALSE,23,0,0
bhh,89.56647942,10000,FALSE,,0,0
bhi,14269.38041,681000,FALSE,,0,0
bhj,927.7147706,11700,FALSE,,0,0
bhk,1746.466826,,FALSE,,0,0
bhl,1052.1237,2250,FALSE,18,0,0
bhm,846.7271289,200,FALSE,,0,0
bhn,2.467654973,1000,FALSE,,0,0
bho,43550.71846,39380000,FALSE,42,0,0
bhp,7011.19461,500000,FALSE,,0,0
bhq,104.5778363,130000,TRUE,,183669.532,901487.0274
bhr,77211.55588,600000,FALSE,,0,0
bhs,87.38271188,7000,FALSE,,0,0
bht,734.4189041,102000,FALSE,,0,0
bhu,1392.218256,6790,FALSE,,0,0
bhv,1496.261056,19000,FALSE,,0,0
bhw,3815.682369,30000,TRUE,,22739.93143,1105716.838
bhx,864.1025206,,FALSE,,0,0
bhy,9492.756185,15000,FALSE,,0,0
bhz,1077.270737,6800,FALSE,,0,0
bia,12214.09964,20,FALSE,,0,0
bib,6884.66641,528000,FALSE,31,0,0
bic,513.2724057,,FALSE,,0,0
bid,1396.418309,14000,FALSE,,0,0
bie,16.509008,50,FALSE,,0,0
bif,2128.163152,44900,FALSE,,0,0
big,610.7038247,1400,FALSE,21,0,0
bij,442.2537795,20000,FALSE,,0,0
bil,372.9162263,38000,FALSE,,0,0
bim,1107.645932,120000,FALSE,,0,0
bin,8057.321311,1000000,FALSE,32,0,0
bio,168.2914084,750,FALSE,,0,0
bip,8347.69804,40000,FALSE,,0,0
biq,2.214667596,1200,TRUE,,278982.7571,1044057.618
bir,759.9774547,260,FALSE,,0,0
bis,1381.74334,,TRUE,,0,0
bit,212.9769388,350,FALSE,,0,0
biu,1632.586158,19000,FALSE,,0,0
biv,3328.231892,129310,FALSE,,0,0
biw,677.1237438,12000,FALSE,,0,0
bix,1282.935078,25000,FALSE,,0,0
biy,489.0989543,2000,FALSE,,0,0
biz,5331.71498,20000,FALSE,,0,0
bja,13164.5368,226000,FALSE,,0,0
bjb,49754.06961,0,FALSE,,0,0
bjc,153.5850312,460,FALSE,,0,0
bjd,4196.549095,,FALSE,,0,0
bje,3277.396161,43000,FALSE,,0,0
bjf,261.7597676,20,FALSE,,0,0
bjg,1292.537454,29900,TRUE,,1492.588638,1492.588638
bjh,1468.617868,550,FALSE,,0,0
bji,1649.369921,70100,FALSE,31,0,0
bjj,17390.57781,9500000,FALSE,,0,0
bjk,378.1199857,2120,TRUE,,30019.16703,1261134.28
bjl,179.0359117,910,FALSE,,0,0
bjm,37767.304,20000,FALSE,,0,0
bjn,149488.6207,,FALSE,,0,0
bjo,14196.73053,102000,FALSE,,0,0
bjq,21966.7208,,FALSE,,0,0
bjr,18.86209145,360,FALSE,14,0,0
bjs,425.8973859,,TRUE,,357002.2403,357002.2403
bjt,887.5788649,82800,FALSE,35,0,0
bju,445.4188995,8,FALSE,,0,0
bjv,3272.576066,36000,FALSE,,0,0
bjw,5844.814939,10300,FALSE,,0,0
bjx,213.6773573,3500,FALSE,,0,0
bjy,21624.3438,0,FALSE,,0,0
bjz,1473.108426,2230,FALSE,,0,0
bka,212.9653398,5000,FALSE,,0,0
bkb,148.4590192,,FALSE,,0,0
bkc,55025.80278,43200,FALSE,,0,0
bkd,6280.259877,100000,FALSE,18,0,0
bkf,1786.875153,1000,FALSE,,0,0
bkg,276.5253583,,FALSE,,0,0
bkh,3992.432568,50000,FALSE,,0,0
bki,23.34104544,350,TRUE,22,538955.1039,1840918.207
bkj,2118.557267,9700,FALSE,,0,0
bkk,683.0681999,10000,FALSE,,0,0
bkl,1321.043867,1200,FALSE,,0,0
bkm,677.5264995,233000,FALSE,,0,0
bkn,578.3644611,860,FALSE,,0,0
bko,214.8517304,1000,FALSE,,0,0
bkp,762.2887245,21000,FALSE,,0,0
bkq,2138.624488,950,FALSE,24,0,0
bkr,7055.718898,100000,FALSE,,0,0
bks,224.9320095,85000,FALSE,,0,0
bkt,267.623722,4200,FALSE,,0,0
bku,1155.494113,8000,TRUE,22,13542.81472,1124520.3
bkv,287.22582,100000,FALSE,,0,0
bkw,9530.702819,12060,FALSE,,0,0
bkx,800.9972652,72000,FALSE,,0,0
bky,3641.831653,143700,FALSE,,0,0
bkz,1273.828303,27000,FALSE,,0,0
bla,11346.79297,3350,FALSE,14,0,0
blb,631.0854049,8740,TRUE,,543734.6059,1451752.343
blc,45.68706239,20,FALSE,36,0,0
bld,1341.177814,23000,FALSE,,0,0
ble,10180.78184,397000,FALSE,27,0,0
blf,4102.362529,96000,FALSE,,0,0
blg,221.9777651,,FALSE,,0,0
blh,1097.738751,12800,FALSE,,0,0
bli,5173.411293,100000,FALSE,,0,0
blj,1166.978313,30000,FALSE,,0,0
blk,8606.478814,560740,FALSE,30,0,0
bll,391032.8978,,FALSE,21,0,0
blm,2510.058784,65000,FALSE,33,0,0
bln,422.5620761,135000,TRUE,,8184.270093,1272620.708
blo,1591.828672,45900,FALSE,33,0,0
blp,735.2338082,1770,TRUE,,735060.6255,1645073.611
blq,12.1212008,1000,TRUE,,293456.352,1042349.158
blr,2805.306365,55200,FALSE,,0,0
bls,133.8177613,3200,FALSE,,0,0
blt,36541.61383,759700,FALSE,31,0,0
blv,7740.456653,2630,FALSE,,0,0
blw,401.5792947,21300,FALSE,24,0,0
blx,153.992863,5000,FALSE,,0,0
bly,135.5262334,1500,FALSE,,0,0
blz,986.3272519,30000,FALSE,,0,0
bma,409.7460446,10000,FALSE,,0,0
bmb,10147.6938,252000,FALSE,,0,0
bmc,8.646350713,2200,TRUE,,33859.62117,824624.277
bmg,421.0815357,20000,FALSE,,0,0
bmh,78.46616359,1750,FALSE,,0,0
bmi,26179.87274,44800,FALSE,33,0,0
bmj,209.1035064,8770,FALSE,,0,0
bmk,93.04283025,2810,FALSE,,0,0
bml,560.096532,2500,FALSE,,0,0
bmm,53636.68963,1000000,FALSE,,0,0
bmn,642.7229988,0,FALSE,,0,0
bmo,137.5818446,29000,FALSE,,0,0
bmp,9.93860192,50,FALSE,,0,0
bmq,7822.281397,158000,FALSE,,0,0
bmr,2706.510151,150,FALSE,28,0,0
bms,22065.46447,20000,FALSE,,0,0
bmt,143.5352044,20000,FALSE,,0,0
bmu,690.5394212,9000,FALSE,25,0,0
bmv,486.3238396,21400,FALSE,,0,0
bmw,1130.942531,39300,FALSE,,0,0
bmx,28.84695392,650,FALSE,,0,0
bmy,2573.431714,,FALSE,,0,0
bmz,140.6057096,850,FALSE,,0,0
b,139.2284071,9500,TRUE,,106768.4108,850324.9191
bnb,851.6183843,0,FALSE,,0,0
bnc,650.0349211,,FALSE,19,0,0
bnd,28.7919437,3000,TRUE,,129975.7172,572246.7551
bne,881.5644217,11200,FALSE,,0,0
bnf,242.5447827,1000,FALSE,,0,0
bng,318.4425907,5000,FALSE,25,0,0
bni,2694.438251,111300,FALSE,22,0,0
bnj,617.1749178,7190,TRUE,,13542.81472,1124520.3
bnk,35.11923908,800,TRUE,,538955.1039,1840918.207
bnl,6670.925617,59,FALSE,,0,0
bnm,820.811002,15000,FALSE,,0,0
bnn,4938.201407,38000,FALSE,19,0,0
bno,221.0922907,75000,TRUE,,19045.48502,1238966.79
bnp,786.613735,13700,FALSE,,0,0
bnq,96.05562895,3000,FALSE,,0,0
bnr,238.2448749,520,TRUE,,569961.3384,1795687.399
bns,103357.2946,3070000,FALSE,,0,0
bnu,284.0446731,25000,FALSE,,0,0
bnv,145.2832108,200,FALSE,,0,0
bnw,197.7505766,450,FALSE,,0,0
bnx,22512.07832,171000,FALSE,26,0,0
bny,698.6032565,4200,FALSE,28,0,0
bnz,12.86956969,450,FALSE,,0,0
boa,6533.130115,2430,FALSE,25,0,0
bob,10555.90811,8000,FALSE,30,0,0
bod,446573.9692,1159750,FALSE,42,0,0
boe,14.15212154,200,FALSE,,0,0
bof,1057.240604,22920,FALSE,,0,0
bog,41795.0744,,FALSE,,0,0
boh,2191.954835,20500,FALSE,,0,0
boi,8469.345857,0,FALSE,,0,0
boj,42.70596945,2020,FALSE,,0,0
bok,4033.658221,3000,FALSE,,0,0
bol,10381.42,100000,FALSE,32,0,0
bom,1311.955528,1000000,FALSE,31,0,0
bon,566.0987961,2000,FALSE,,0,0
boo,347.7442398,2500,FALSE,,0,0
bop,14.75632825,180,FALSE,26,0,0
boq,294.8782508,300,FALSE,,0,0
bor,16711.90272,1392,FALSE,20,0,0
bos,65883.81685,,FALSE,,0,0
bot,1143.551444,10100,FALSE,33,0,0
bou,860.2803492,50000,FALSE,25,0,0
bov,128.0450252,11400,FALSE,,0,0
bow,898.2356642,12,FALSE,,0,0
box,16123.34634,186000,FALSE,,0,0
boy,28538.0365,15,FALSE,,0,0
boz,1623.232204,118000,FALSE,,0,0
bpa,46.55149946,1200,TRUE,,574373.1089,1852762.285
bpb,6804.820454,,FALSE,,0,0
bpd,45049.87234,102000,FALSE,,0,0
bpg,168.452881,790,FALSE,,0,0
bph,18.9411438,210,FALSE,44,0,0
bpi,8.615494545,50,FALSE,,0,0
bpj,5909.3491,165000,FALSE,,0,0
bpk,568.5967899,490,FALSE,,0,0
bpl,2534508.22,,FALSE,,0,0
bpm,105.4974107,380,FALSE,,0,0
bpn,510.6444125,60000,FALSE,25,0,0
bpo,256.6578725,,FALSE,,0,0
bpp,3054.446714,450,FALSE,,0,0
bpq,31.71097194,,TRUE,,107154.0766,763112.0514
bpr,2301.757423,150000,FALSE,22,0,0
bps,2061.770665,90800,FALSE,23,0,0
bpt,631.5321136,0,FALSE,,0,0
bpu,25.55017772,850,FALSE,,0,0
bpv,3556.318176,2900,FALSE,22,0,0
bpw,400.8830377,85,FALSE,,0,0
bpx,9326.1579,10000,FALSE,,0,0
bpy,2196.444465,117500,FALSE,,0,0
bpz,176.3497982,7000,TRUE,,3531.23801,457685.6907
bqa,139.9941251,2500,FALSE,,0,0
bqb,827.2290254,300,FALSE,,0,0
bqc,10408.81956,150000,FALSE,,0,0
bqd,484.3582495,3,FALSE,,0,0
bqf,7390.925211,,FALSE,,0,0
bqg,379.2503608,7500,FALSE,,0,0
bqh,3175.239877,10000,FALSE,,0,0
bqi,35526.66951,1000000,FALSE,,0,0
bqj,259.490206,11200,FALSE,,0,0
bqk,15566.32636,42500,FALSE,,0,0
bql,21.47865556,30,FALSE,,0,0
bqm,1043.820475,4000,FALSE,,0,0
bqo,65.12693005,2230,FALSE,,0,0
bqp,2379.946048,48000,FALSE,,0,0
bqq,672.0092158,250,FALSE,,0,0
bqr,1946.25267,4350,FALSE,,0,0
bqs,64.6474822,1300,FALSE,,0,0
bqt,115.9739676,12000,FALSE,,0,0
bqu,8757.100728,0,FALSE,,0,0
bqv,1468.186452,106000,FALSE,,0,0
bqw,27.39454904,1000,FALSE,,0,0
bqx,538.0982735,15000,FALSE,,0,0
bqz,753.1092004,30000,FALSE,,0,0
bra,110344.6837,574000,FALSE,,0,0
brb,10555.93638,32140,FALSE,,0,0
brc,499.6936977,,FALSE,,0,0
brd,142.6036626,160,FALSE,,0,0
bre,12321.49439,206000,FALSE,35,0,0
brf,1877.975501,120000,FALSE,,0,0
brg,120.447744,40,FALSE,18,0,0
brh,162171.1064,4220000,FALSE,31,0,0
bri,723.9737693,32200,FALSE,,0,0
brj,73.54542963,70,TRUE,,538955.1039,1840918.207
brk,81633.12489,0,FALSE,34,0,0
brl,18766.33718,15000,FALSE,,0,0
brm,8132.430664,25600,FALSE,,0,0
brn,131.8853099,3,FALSE,26,0,0
bro,22.54480427,300,FALSE,,0,0
brp,1327.31759,2500,FALSE,,0,0
brq,80.50894104,1100,FALSE,,0,0
brr,464.4547375,5900,TRUE,,931865.4446,1656238.332
brs,30.74758678,250,FALSE,,0,0
brt,399.7778072,52300,FALSE,,0,0
bru,7104.412744,82300,FALSE,35,0,0
brv,987.3635056,20000,FALSE,,0,0
brw,27159.39903,1000,FALSE,,0,0
brx,1534.690315,1334380,FALSE,22,0,0
bry,70.56672286,260,FALSE,,0,0
brz,40.76773016,1250,FALSE,,0,0
bsa,2427.448404,300,FALSE,,0,0
bsb,932.2950678,57600,FALSE,,0,0
bsc,3507.903158,21900,FALSE,42,0,0
bse,82.80447598,25000,FALSE,,0,0
bsf,750.5813853,20000,FALSE,,0,0
bsg,13010.46396,7030,FALSE,,0,0
bsh,6932.166159,18700,FALSE,40,0,0
bsi,1377.958622,5000,FALSE,,0,0
bsj,125.6519461,6000,FALSE,,0,0
bsk,1679.240161,87000,FALSE,35,0,0
bsl,2559.643124,0,FALSE,,0,0
bsm,216.9178469,700,TRUE,,22739.93143,1105716.838
bsn,3139.752105,1890,FALSE,21,0,0
bso,4414.405645,,FALSE,,0,0
bsp,704.4179007,4000,FALSE,,0,0
bsq,12823.37124,403000,FALSE,,0,0
bsr,2057.911346,20,FALSE,,0,0
bss,1654.098203,100000,FALSE,28,0,0
bst,1116.848493,92600,FALSE,34,0,0
bsu,25.76058814,200,FALSE,,0,0
bsv,1021.55554,,FALSE,,0,0
bsw,28.55664055,5480,FALSE,34,0,0
bsx,108.1588309,100,FALSE,,0,0
bsy,332.6411308,0,FALSE,,0,0
bta,2669.017265,152500,FALSE,33,0,0
btb,69149.77749,,FALSE,,0,0
btc,401.0271092,800,FALSE,,0,0
btd,3060.036437,1200000,FALSE,,0,0
bte,1250.387964,15000,FALSE,,0,0
btf,7897.447331,10400,FALSE,,0,0
btg,2975.70438,150000,FALSE,,0,0
bth,1059.982446,72380,FALSE,,0,0
bti,585.4691955,100,FALSE,,0,0
btj,110.3298508,,TRUE,,13876.46648,1229386.116
btl,17982.51865,,FALSE,,0,0
btm,14512.51343,1100000,FALSE,,0,0
btn,199.8165197,2,TRUE,,13542.81472,1124520.3
bto,568.6963752,234000,FALSE,,0,0
btp,1.462524677,310,TRUE,,324029.4273,1102487.927
btq,7861.70571,1000,FALSE,31,0,0
btr,124.1666768,1330,TRUE,,668329.2308,1930176.303
bts,3559.158131,1200000,FALSE,,0,0
btt,280.0736209,100000,FALSE,,0,0
btu,176.6847068,25000,FALSE,,0,0
btv,4404.038092,29100,FALSE,,0,0
btw,1072.216074,34500,FALSE,,0,0
btx,8662.310457,600000,FALSE,,0,0
bty,1162.444497,4500,FALSE,,0,0
btz,2924.354202,195000,FALSE,,0,0
bub,6524.440696,7710,FALSE,,0,0
buc,373.2666501,39000,TRUE,,295300.7312,476781.0545
bud,2370.467075,157000,FALSE,,0,0
buf,20564.47288,155000,FALSE,25,0,0
bug,22074.08777,5017800,FALSE,25,0,0
buh,492.8902165,9720,FALSE,,0,0
bui,1774.942225,4000,FALSE,,0,0
buj,225.8395679,2000,FALSE,,0,0
buk,1015.498248,12000,FALSE,26,0,0
bul,101899.6665,7807900,FALSE,27,0,0
bum,50232.49753,858000,FALSE,29,0,0
bun,2752.704358,135000,FALSE,29,0,0
buo,972.75729,26500,TRUE,14,265963.7203,1421666.378
bup,41.02426245,2300,TRUE,,5792.67205,979283.6379
buq,80.81519315,1190,FALSE,,0,0
bus,4357.591851,62000,FALSE,,0,0
but,177.0462719,3600,FALSE,,0,0
buu,6334.541102,180000,FALSE,,0,0
buv,50.5526566,480,FALSE,,0,0
buw,695.7725113,5000,FALSE,,0,0
bux,335.5594194,50000,FALSE,,0,0
buy,266.7347054,8350,FALSE,,0,0
buz,31.56212619,1000,FALSE,,0,0
bva,3773.127459,4100,FALSE,,0,0
bvb,1563.89546,51000,TRUE,,35592.45305,35592.45305
bvc,173.7013567,8800,TRUE,,986843.4856,1788741.373
bvd,115.2123873,5900,TRUE,,986843.4856,1788741.373
bve,6311.266524,,FALSE,,0,0
bvf,29.67067571,100,FALSE,,0,0
bvg,300.2940688,3000,FALSE,,0,0
bvh,45.84957998,20,FALSE,,0,0
bvi,2483.622454,16000,FALSE,44,0,0
bvj,68.8503342,5000,FALSE,,0,0
bvk,3312.421032,400,FALSE,,0,0
bvl,131120.4103,,FALSE,,0,0
bvm,181.7430434,31000,FALSE,,0,0
bvn,261.2258395,750,FALSE,,0,0
bvo,4975.278391,1800,FALSE,,0,0
bvr,4072.390365,1070,FALSE,19,0,0
bvt,102.5930269,3500,FALSE,,0,0
bvu,3711.158848,,FALSE,,0,0
bvv,8687.146603,0,FALSE,,0,0
bvw,191.1210668,10000,FALSE,,0,0
bvx,2211.066388,4000,FALSE,,0,0
bvz,8465.482375,1500,FALSE,,0,0
bwa,16.01205765,150,FALSE,,0,0
bwb,28.70295619,1630,TRUE,,1177486.371,2639778.702
bwc,12835.76839,32000,FALSE,,0,0
bwd,158.2135892,6500,TRUE,20,27422.24843,803661.8413
bwe,738.4990345,17200,FALSE,,0,0
bwf,18.01217993,610,TRUE,,41205.87846,808868.4521
bwg,2054.864336,17000,FALSE,,0,0
bwh,249.6032367,,FALSE,,0,0
bwi,9759.275115,610,FALSE,,0,0
bwj,575.2960504,69200,FALSE,,0,0
bwk,1257.781824,520,FALSE,,0,0
bwm,115.8932652,3040,FALSE,,0,0
bwn,724.0256127,5800,FALSE,,0,0
bwo,3827.771872,37500,FALSE,,0,0
bwp,6057.188104,20000,FALSE,19,0,0
bwq,8624.258069,160000,FALSE,,0,0
bwr,5387.236578,250000,FALSE,40,0,0
bws,2045.766344,23000,FALSE,,0,0
bwt,1162.616917,8400,FALSE,,0,0
bwu,2252.577047,150000,FALSE,,0,0
bww,33531.57992,200000,FALSE,,0,0
bwx,9410.522899,258000,FALSE,45,0,0
bwy,454.1722179,24000,FALSE,,0,0
bwz,1391.551576,4250,FALSE,,0,0
bxa,1316.238824,4980,TRUE,,1043861.154,1735961.236
bxb,6308.37355,8000,FALSE,,0,0
bxc,539.8902819,1000,FALSE,,0,0
bxd,70.5329823,400,FALSE,,0,0
bxe,11.17724676,10,FALSE,,0,0
bxf,38.24808416,4180,FALSE,,0,0
bxg,501940.8587,0,FALSE,,0,0
bxh,1260.992527,1350,FALSE,,0,0
bxi,51118.95254,0,FALSE,,0,0
bxj,11779.70368,6,FALSE,24,0,0
bxk,2984.40955,1433000,FALSE,32,0,0
bxl,9.647987773,500,FALSE,,0,0
bxm,90537.20636,45100,FALSE,,0,0
bxn,5205.993462,3,FALSE,,0,0
bxp,1312.158132,6000,FALSE,,0,0
bxq,104.2292706,120,FALSE,,0,0
bxr,114106.2504,219000,FALSE,23,0,0
bxs,114.2896228,1490,FALSE,,0,0
bxu,54129.59103,65000,FALSE,,0,0
bxv,29372.39784,,FALSE,,0,0
bxw,163.1366985,6000,FALSE,,0,0
bxz,414.8024219,630,FALSE,,0,0
bya,1214.775174,200,FALSE,21,0,0
byb,96.69656736,,FALSE,,0,0
byc,326.6622683,30000,FALSE,,0,0
byd,2809.747394,54000,FALSE,,0,0
bye,139.3601773,960,FALSE,,0,0
byf,3.513792616,50,FALSE,,0,0
byg,221975.005,850,FALSE,,0,0
byh,176.143216,21700,FALSE,,0,0
byi,10938.20506,10000,FALSE,,0,0
byj,83.94312479,7000,FALSE,,0,0
byk,17689.06951,80000,FALSE,,0,0
byl,708.8155994,100,FALSE,,0,0
bym,18380.34483,,FALSE,,0,0
byn,1458.02811,91000,FALSE,40,0,0
byo,6461.504519,120000,FALSE,,0,0
byp,114.7515339,11400,FALSE,,0,0
byq,1142.080998,0,FALSE,,0,0
byr,593.5123085,6600,FALSE,19,0,0
bys,241.3863897,4000,FALSE,,0,0
byt,73596.2181,0,FALSE,,0,0
byv,1309.148994,210000,FALSE,,0,0
byw,44.36173735,600,FALSE,,0,0
byx,1608.359757,6350,FALSE,21,0,0
byz,1665.03024,2480,FALSE,,0,0
bza,2238.554244,100000,FALSE,,0,0
bzb,39.01735615,1700,FALSE,,0,0
bzd,1201.272482,11000,FALSE,27,0,0
bze,8432.608776,197000,FALSE,,0,0
bzf,2262.980579,31300,FALSE,25,0,0
bzg,0.058269305,,FALSE,,0,0
bzh,117.8135929,10500,FALSE,28,0,0
bzi,71.00523822,240,FALSE,39,0,0
bzj,4517.438561,,FALSE,,0,0
bzk,1291.790018,,FALSE,,0,0
bzl,191.1290497,2700,FALSE,,0,0
bzm,424.6045731,3000,FALSE,,0,0
bzn,36.92301948,3240,TRUE,,7913.363599,1007842.879
bzo,786.9993843,5500,FALSE,,0,0
bzp,1243.205432,1500,FALSE,,0,0
bzq,1061.747156,2520,FALSE,,0,0
bzr,80983.34831,0,FALSE,,0,0
bzs,5825.401321,,FALSE,,0,0
bzu,606.306789,250,FALSE,,0,0
bzv,153.2703665,2500,FALSE,,0,0
bzw,4869.748251,100000,FALSE,,0,0
bzx,691.7684196,30000,FALSE,,0,0
bzy,252.5606065,65000,FALSE,,0,0
bzz,275.1253817,11000,FALSE,,0,0
caa,846.7956488,30010,FALSE,26,0,0
cab,8667.641841,130800,FALSE,22,0,0
cac,278.792275,43370,FALSE,28,0,0
cad,39.29052687,25,FALSE,24,0,0
cae,23.40069142,12000,FALSE,,0,0
caf,328.4099427,500,FALSE,,0,0
cag,20327.82372,13920,FALSE,28,0,0
cah,875.3090922,,FALSE,,0,0
cak,1067.702996,451000,FALSE,26,0,0
cal,5061.942214,2420,TRUE,27,0,0
cam,532.3264934,2600,FALSE,25,0,0
can,181.2309663,1700,FALSE,20,0,0
cao,905.5282858,550,FALSE,20,0,0
cap,2125.216933,1200,FALSE,26,0,0
caq,111.4753339,37000,TRUE,29,475910.0908,595077.0893
car,42763.08288,7358,FALSE,21,0,0
cas,1913.052555,5320,FALSE,23,0,0
cat,54752.16314,3900000,FALSE,30,0,0
cav,4189.184783,1680,FALSE,24,0,0
caw,20227.26664,,FALSE,,0,0
cax,130753.4437,5860,FALSE,,0,0
cay,709.6417906,250,FALSE,,0,0
caz,16994.49826,583,FALSE,,0,0
cbb,947.0656688,270,FALSE,,0,0
cbc,1191.196788,642,FALSE,,0,0
cbd,1003.467248,6,FALSE,,0,0
cbe,17608.63238,,FALSE,,0,0
cbg,833.1214691,480,FALSE,,0,0
cbh,17620.69041,,FALSE,,0,0
cbi,1195.210478,9500,FALSE,28,0,0
cbj,5046.433288,80000,FALSE,,0,0
cbk,1725.526732,,FALSE,,0,0
cbl,46.17974319,2500,FALSE,,0,0
cbm,344.7822051,,FALSE,,0,0
cbn,244.280446,1500,FALSE,,0,0
cbo,19.42266838,1500,FALSE,34,0,0
cbr,10545.64641,1150,FALSE,21,0,0
cbs,27002.45676,1150,FALSE,19,0,0
cbt,7266.925058,7870,FALSE,,0,0
cbu,12039.52711,1120,FALSE,17,0,0
cbv,302.4215427,400,FALSE,21,0,0
cby,1235.68607,,FALSE,,0,0
ccc,635.7749229,2,FALSE,,0,0
ccd,2181.754478,,FALSE,,0,0
cce,8116.738365,760000,FALSE,37,0,0
ccg,9510.682382,107000,FALSE,,0,0
cch,584.7702189,30000,FALSE,,0,0
ccj,43.79019196,0,FALSE,,0,0
ccl,4670.964954,45000,FALSE,,0,0
ccm,13.46281929,,FALSE,,0,0
cco,318.3783252,2000,FALSE,,0,0
ccp,6969.687385,326000,FALSE,,0,0
ccq,376.9197852,,FALSE,,0,0
ccr,5162.089862,0,FALSE,,0,0
cda,13747.57281,154000,FALSE,,0,0
cde,1736.381013,26000,FALSE,,0,0
cdf,427.7382194,7000,FALSE,,0,0
cdg,460.3541487,,FALSE,,0,0
cdh,1351.633147,130000,FALSE,,0,0
cdi,681.0247184,209000,FALSE,,0,0
cdj,2006.188564,111000,FALSE,,0,0
cdm,1095.729066,48500,FALSE,39,0,0
cdn,586.8844035,1830,FALSE,,0,0
cdo,37239.74382,,FALSE,,0,0
cdr,2618.604884,45000,FALSE,,0,0
cds,7614.408705,,FALSE,,0,0
cdy,8432.918568,20000,FALSE,,0,0
cdz,17347.7059,44300,FALSE,,0,0
cea,4180.540077,0,FALSE,,0,0
ceb,31571.62159,15800000,FALSE,22,0,0
ceg,7652.70773,1600,FALSE,,0,0
cen,541.1796082,50000,FALSE,,0,0
ces,77430.16039,10411000,FALSE,27,0,0
cet,2.011487924,200,FALSE,,0,0
cfa,697.0412324,25000,FALSE,,0,0
cfd,109.3928502,3000,FALSE,,0,0
cfg,596.6424783,11400,FALSE,,0,0
cfm,5997.326165,107300,FALSE,,0,0
cga,37.40788938,690,FALSE,,0,0
cgc,430.4919403,30000,FALSE,,0,0
cgg,4917.336261,1580000,FALSE,,0,0
cgk,450.7661163,30000,FALSE,,0,0
cha,9062.79482,94700,FALSE,27,0,0
chc,279796.3476,500,FALSE,25,0,0
chd,1944.103338,2420,FALSE,32,0,0
che,49546.8232,1353000,FALSE,46,0,0
chf,4560.953515,36500,FALSE,27,0,0
chg,41433.15591,0,FALSE,,0,0
chh,18989.07982,19,FALSE,,0,0
chj,357.0069277,37900,FALSE,,0,0
chk,70.88682778,45900,TRUE,21,1254153.552,2237516.741
chl,119.6404103,35,FALSE,26,0,0
chn,7323.443411,723,FALSE,,0,0
cho,641.3050579,10400,FALSE,27,0,0
chp,3860.505902,11900,FALSE,47,0,0
chq,168.6507659,8000,FALSE,36,0,0
chr,1919.435935,10400,FALSE,20,0,0
chs,12190.27249,,FALSE,44,0,0
cht,4719.278265,0,FALSE,,0,0
chu,324784.2019,,FALSE,32,0,0
chv,16860.69223,1043000,FALSE,22,0,0
chw,14946.59262,947000,FALSE,,0,0
chx,153.9960829,4280,FALSE,,0,0
chy,1683.2309,2100,FALSE,15,0,0
chz,212.8212157,3140,FALSE,,0,0
cia,569.3637296,79000,TRUE,,5792.67205,877757.0988
cib,199.6947042,25000,FALSE,,0,0
cic,458.7418692,600,FALSE,,0,0
cid,5807.043613,0,FALSE,33,0,0
cie,2.78217159,3000,FALSE,,0,0
cih,923.9529297,750,FALSE,,0,0
cik,273.2135204,1060,FALSE,,0,0
cim,17745.71382,2230,FALSE,,0,0
cin,3223.875163,1300,FALSE,,0,0
cip,2338.998181,17,FALSE,21,0,0
cir,683.9423389,600,FALSE,37,0,0
ciw,14345.09967,5000,FALSE,,0,0
ciy,10562.96145,63,FALSE,,0,0
cja,8806.395256,233000,FALSE,33,0,0
cje,963.653155,19300,FALSE,34,0,0
cjh,4184.223554,200,FALSE,36,0,0
cji,502.9933673,500,FALSE,41,0,0
cjk,219102.4237,977700,FALSE,26,0,0
cjm,1030.811794,72900,FALSE,30,0,0
cjn,30.02754568,180,FALSE,22,0,0
cjo,4649.547635,12000,FALSE,,0,0
cjp,3230.493759,8840,FALSE,27,0,0
cjs,14096.43572,2840,FALSE,29,0,0
cjv,271.2787149,23100,FALSE,17,0,0
cjy,354743.6137,,FALSE,,0,0
cka,1638.243139,,FALSE,,0,0
ckb,68999.09303,6750000,FALSE,28,0,0
ckc,275.3532653,,FALSE,,0,0
ckd,454.8572556,,FALSE,,0,0
cke,861.0464861,,FALSE,,0,0
ckf,371.8103148,,FALSE,,0,0
ckh,1402.124874,4000,FALSE,,0,0
cki,7.449133284,,FALSE,,0,0
ckj,17.54867654,,FALSE,,0,0
ckk,7.713909808,,FALSE,,0,0
ckl,129.9611053,100000,FALSE,,0,0
cko,2792.091326,137600,FALSE,35,0,0
ckq,8531.085281,10000,FALSE,,0,0
ckr,122.4447928,900,FALSE,,0,0
cks,26.4308744,,FALSE,,0,0
ckt,184191.3633,5100,FALSE,23,0,0
cku,190.4420754,200,FALSE,20,0,0
ckv,738.8119894,24,FALSE,,0,0
ckw,325.2307131,,FALSE,,0,0
ckx,67.29019917,5000,FALSE,,0,0
cky,279.8707628,5000,FALSE,,0,0
ckz,1.254500577,,FALSE,,0,0
cla,2125.879224,115000,FALSE,,0,0
clc,594.7371866,930,FALSE,,0,0
cld,193.4378933,100000,FALSE,,0,0
cle,81.595475,2000,FALSE,,0,0
clh,31.35074581,1000,FALSE,,0,0
cli,350.8467716,6000,FALSE,,0,0
clk,21087.40962,11080,FALSE,,0,0
cll,45.13010156,3000,FALSE,,0,0
clm,180.7734913,5,FALSE,34,0,0
clo,67.07633016,1060,FALSE,44,0,0
clu,114.2762128,30000,TRUE,,32083.36927,1291518.581
clw,1372.634367,44,FALSE,44,0,0
cly,94.80857534,1800,FALSE,,0,0
cma,3164.48848,33300,FALSE,,0,0
cme,2803.108846,63100,FALSE,29,0,0
cmi,12765.76884,5510,FALSE,,0,0
cml,111.3407801,30000,FALSE,,0,0
cmn,3336188.395,,FALSE,27,0,0
cmo,20620.31007,70000,FALSE,28,0,0
cmr,8195.677236,75000,FALSE,,0,0
cmt,19498.74485,,FALSE,,0,0
c,621.4700426,10100,FALSE,,0,0
cnb,4643.141184,19600,FALSE,,0,0
cnc,30.29513767,2030,FALSE,,0,0
cng,4035.882554,57800,FALSE,,0,0
cnh,4128.233013,125000,FALSE,,0,0
cni,17817.62472,26000,FALSE,18,0,0
cnk,19238.92025,62090,FALSE,31,0,0
cnl,987.4688893,10700,FALSE,,0,0
cnm,1557.572577,,FALSE,,0,0
cno,295.4364008,,FALSE,,0,0
cns,15760.52777,7000,FALSE,17,0,0
cnt,351.3784038,1850,FALSE,24,0,0
cnu,2.531614153,76300,FALSE,,0,0
cnw,1602.938556,15000,FALSE,,0,0
coa,219.3822501,,FALSE,,0,0
cob,7910.673015,1600,FALSE,,0,0
coc,1195.809276,350,FALSE,27,0,0
cod,28873.21657,250,FALSE,16,0,0
coe,3377.985949,2100,FALSE,,0,0
cof,343.5118817,2300,FALSE,22,0,0
cog,1007.739668,500,FALSE,,0,0
coh,284.8314504,184000,FALSE,,0,0
coj,35053.17613,0,FALSE,,0,0
cok,2415.118373,3880,FALSE,,0,0
col,2135.683054,40,FALSE,44,0,0
com,116.5776472,100,FALSE,22,0,0
con,3938.196052,2400,FALSE,33,0,0
coo,265.7173591,40,FALSE,39,0,0
cop,51130.64754,0,FALSE,28,0,0
coq,47965.48508,0,FALSE,,0,0
cor,9630.236388,,FALSE,29,0,0
cos,8610.817079,31000,TRUE,,1625.234722,82523.94199
cot,1013.385685,300,FALSE,,0,0
cou,1595.19945,23670,FALSE,,0,0
cov,303.118706,63600,FALSE,,0,0
cow,5872.182933,310,FALSE,40,0,0
cox,186.374287,250,FALSE,,0,0
coy,4280.983499,,FALSE,,0,0
coz,87.08057613,540,FALSE,,0,0
cpa,563.1166796,25000,FALSE,28,0,0
cpb,20016.13101,7870,FALSE,,0,0
cpc,2802.615584,4000,FALSE,,0,0
cpg,5234.655114,0,FALSE,,0,0
cpn,202.7414422,111000,FALSE,,0,0
cps,901.8064158,639000,FALSE,,0,0
cpu,6197.260575,12000,FALSE,,0,0
cpx,11826.07416,,FALSE,,0,0
cpy,6989.626201,13000,FALSE,,0,0
cqd,70354.57227,,FALSE,43,0,0
cqu,11368.07269,,FALSE,,0,0
cra,548.8546604,13000,FALSE,34,0,0
crc,108.3632388,1200,TRUE,32,574373.1089,1852762.285
crd,1032.601876,2,FALSE,45,0,0
crf,17180.79642,0,FALSE,,0,0
crg,221.980988,,FALSE,,0,0
crh,115558.4754,175370,FALSE,31,0,0
cri,825.3695184,,TRUE,,215279.9379,215279.9379
crj,1468.267965,7310,FALSE,,0,0
crk,13893.41443,260,FALSE,18,0,0
crl,648.4491004,5310,FALSE,,0,0
crm,535.7524014,3000,FALSE,15,0,0
crn,3548.390464,9480,FALSE,23,0,0
cro,9025.470601,3000,FALSE,18,0,0
crq,3625.644734,4400,FALSE,24,0,0
crr,24399.92868,,FALSE,,0,0
crs,265.0678592,,TRUE,,182231.7177,625566.6108
crt,1577.870598,800,FALSE,,0,0
crw,4902.933474,7000,FALSE,25,0,0
crx,1460.844712,1530,FALSE,47,0,0
cry,74.50970522,1000,FALSE,,0,0
crz,6.248094093,0,FALSE,,0,0
csa,41.4327548,0,FALSE,,0,0
csb,373.7479173,50000,FALSE,31,0,0
csc,8752.03134,,FALSE,,0,0
csd,0.450209815,,FALSE,,0,0
csh,3307.587718,34000,FALSE,38,0,0
csi,2157.51733,0,FALSE,20,0,0
csk,1245.488989,45100,FALSE,,0,0
csl,6226.317574,,FALSE,,0,0
csm,332.0509886,12,FALSE,23,0,0
cso,118.4473161,3590,FALSE,27,0,0
css,6274.176872,1,FALSE,24,0,0
cst,2673.091213,0,FALSE,,0,0
csw,3695.602495,85,FALSE,18,0,0
csy,210.1777452,10000,FALSE,,0,0
csz,52.29021771,,FALSE,43,0,0
cta,116.4663394,2640,FALSE,23,0,0
ctc,115.0891663,,FALSE,,0,0
ctd,7598.494422,344000,FALSE,27,0,0
cte,135.5487122,11800,FALSE,,0,0
ctg,12337.97629,13000000,FALSE,,0,0
cti,315.6278113,,FALSE,,0,0
ctl,168.464914,1720,FALSE,,0,0
ctm,27264.32094,300,FALSE,25,0,0
ctn,24.39544968,3710,FALSE,,0,0
cto,13251.95211,15040,FALSE,,0,0
ctp,734.675159,16000,FALSE,21,0,0
cts,633.6546317,77500,TRUE,,8184.270093,1272620.708
ctt,722.0384671,5000,FALSE,,0,0
ctu,251.1186634,145000,FALSE,27,0,0
ctz,115.9783065,450,FALSE,,0,0
cua,1193.264485,12000,FALSE,,0,0
cub,10293.49424,6250,FALSE,21,0,0
cuc,113.4182364,7410,FALSE,26,0,0
cug,35.43775788,2000,FALSE,,0,0
cuh,1232.993319,70000,FALSE,,0,0
cui,10764.81242,2850,FALSE,22,0,0
cuj,4009.548302,60,FALSE,24,0,0
cuk,8993.486722,57100,FALSE,18,0,0
cul,31009.19778,3900,FALSE,,0,0
cum,15061.78059,,FALSE,,0,0
cun,6.189877015,,FALSE,,0,0
cuo,23774.85287,49,FALSE,,0,0
cup,11891.90038,700,FALSE,30,0,0
cuq,162.34849,80000,FALSE,,0,0
cur,39.89256361,2050,FALSE,,0,0
cut,203.4157934,3140,FALSE,,0,0
cuu,129.3196207,50400,FALSE,,0,0
cuv,66.44309877,5000,FALSE,,0,0
cuw,34.94081388,100,FALSE,,0,0
cux,541.3176054,8680,FALSE,19,0,0
cvg,69.65114984,850,FALSE,,0,0
cvn,23.39137614,440,FALSE,,0,0
cwa,82.37624307,14000,FALSE,,0,0
cwb,1021.589249,21000,FALSE,,0,0
cwd,1177.736996,75,FALSE,,0,0
cwe,3111.780886,98000,FALSE,,0,0
cwg,695.6155481,460,FALSE,32,0,0
cwt,84.36897942,6210,FALSE,,0,0
cya,431.1070762,8940,FALSE,,0,0
cyb,11668.60553,798,FALSE,27,0,0
cym,250815.22,508000,FALSE,30,0,0
cyo,2205.946964,123000,FALSE,20,0,0
czh,24649.59226,,FALSE,,0,0
czn,332.2917001,8490,FALSE,25,0,0
czo,4769.872094,,FALSE,,0,0
czt,1657.002728,40000,FALSE,,0,0
daa,1045.903314,60000,FALSE,32,0,0
dac,9.137530324,350,FALSE,,0,0
dad,148.9298499,3500,FALSE,,0,0
dae,540.9955384,5000,FALSE,,0,0
daf,15439.73144,,FALSE,35,0,0
dag,16338.26498,800000,FALSE,31,0,0
dah,48.63426471,1570,FALSE,,0,0
dai,1618.895204,49900,FALSE,,0,0
daj,1866.440307,7000,FALSE,,0,0
dak,23059.94785,20460,FALSE,32,0,0
dal,637.6488444,400,FALSE,46,0,0
dan,147971.7371,5401000,FALSE,32,0,0
dao,3631.579011,37000,FALSE,,0,0
dap,9521.066648,,FALSE,23,0,0
daq,4623.496112,200000,FALSE,,0,0
dar,5568.806673,486000,FALSE,41,0,0
das,576.1749374,4000,FALSE,,0,0
dau,14589.41241,70100,FALSE,,0,0
dav,9388.569164,254000,FALSE,27,0,0
daw,1369.669224,147000,FALSE,,0,0
dax,2537.089557,170,FALSE,,0,0
daz,1347.263741,250,FALSE,,0,0
dba,40.42965112,2000,FALSE,,0,0
dbb,122.5862539,6000,FALSE,,0,0
dbd,368.5379617,30000,FALSE,,0,0
dbe,68.09522032,440,FALSE,,0,0
dbf,414.2341936,1500,FALSE,,0,0
dbg,740.2269043,15700,FALSE,,0,0
dbi,98.74709462,11400,FALSE,,0,0
dbj,4682.407434,10000,FALSE,,0,0
dbl,2730.932395,29,FALSE,16,0,0
dbm,4547.496839,65000,FALSE,,0,0
dbn,0.895257045,30,TRUE,,3654.006478,1088736.601
dbo,120.1936035,100,FALSE,,0,0
dbp,373.3608213,11400,FALSE,,0,0
dbq,612.7432915,25000,FALSE,36,0,0
dbr,6999.11498,23000,FALSE,,0,0
dbu,1770.665596,24700,FALSE,,0,0
dbv,83.74017201,,FALSE,,0,0
dby,1444.689648,1950,FALSE,19,0,0
dcc,46001.77293,12800000,FALSE,,0,0
dcr,36.48588803,0,TRUE,,347411.1815,850227.8991
ddd,753.5175689,5000,FALSE,,0,0
dde,2200.364141,75000,FALSE,,0,0
ddg,1141.785815,37000,FALSE,,0,0
ddi,207.2937756,2180,TRUE,,27422.24843,803661.8413
ddj,35762.56239,360,FALSE,,0,0
ddn,3181.630985,514100,FALSE,27,0,0
ddo,729.1804519,11700,FALSE,41,0,0
dds,686.8405461,45300,FALSE,,0,0
ddw,17.82432847,1270,TRUE,,304631.9759,425175.345
dec,196.4134208,0,FALSE,27,0,0
ded,279.9356695,6500,FALSE,23,0,0
dee,303.4898963,8100,FALSE,,0,0
def,462.9453407,0,FALSE,,0,0
deg,103.5827752,10000,FALSE,35,0,0
deh,5881.1084,13000,FALSE,,0,0
dei,1846.818615,400,FALSE,,0,0
dek,1103.601088,,FALSE,,0,0
dem,416.2087353,1000,FALSE,,0,0
dep,12600.19293,,FALSE,,0,0
deq,524.8361793,10000,FALSE,,0,0
der,596.6684521,28000,FALSE,,0,0
des,1687.760572,3420,FALSE,,0,0
deu,470232.4271,70226400,FALSE,31,0,0
dev,51.9012362,2330,FALSE,,0,0
dez,14324.84681,8600,FALSE,,0,0
dga,5852.182257,700000,FALSE,,0,0
dgb,100.9683574,1000,FALSE,,0,0
dgc,2919.45542,610,FALSE,24,0,0
dgd,0.239320796,21000,FALSE,,0,0
dge,4.544747025,790,FALSE,,0,0
dgg,18.93404403,200,FALSE,,0,0
dgh,61.14664483,30000,FALSE,,0,0
dgi,4373.76169,388000,FALSE,41,0,0
dgk,6667.189724,34000,FALSE,,0,0
dgn,12055.11842,0,FALSE,,0,0
dgo,14998.3045,2280000,FALSE,,0,0
dgr,532.3240739,2080,FALSE,,0,0
dgs,149.6420877,9000,FALSE,,0,0
dgu,13438.52332,,FALSE,,0,0
dgx,90.15898775,270,FALSE,,0,0
dgz,2924.952275,9000,FALSE,18,0,0
dha,7554.310497,,FALSE,,0,0
dhd,10764.20297,1870000,FALSE,,0,0
dhg,268.4639494,270,TRUE,24,764.4469991,764.4469991
dhi,2655.556875,19750,FALSE,,0,0
dhl,8065.554235,20,FALSE,24,0,0
dhm,82728.19049,30000,FALSE,,0,0
dhn,1272.698363,139000,FALSE,,0,0
dho,1854.601705,169000,FALSE,,0,0
dhr,7519.729382,1,FALSE,28,0,0
dhs,31.62221164,5000,FALSE,,0,0
dhu,72390.78591,0,FALSE,18,0,0
dhv,1090.038521,13000,TRUE,36,102694.8047,1515211.822
dhw,884.2355363,45800,FALSE,,0,0
dia,498.0322755,1840,FALSE,,0,0
dib,23111.66718,250000,FALSE,,0,0
dic,6084.463331,93800,FALSE,,0,0
did,2978.979839,60000,FALSE,,0,0
dif,27738.50447,10,FALSE,25,0,0
dig,5287.489084,305000,FALSE,,0,0
dih,2130.641503,370,FALSE,28,0,0
dii,56.61013393,140,FALSE,,0,0
dij,10.98338302,820,TRUE,,275775.0627,465416.1866
dik,56259.97538,450000,FALSE,28,0,0
dil,490.7784036,5300,FALSE,31,0,0
dim,820.0599974,570,FALSE,,0,0
dio,6183.219278,100000,FALSE,,0,0
dip,37258.44005,320000,FALSE,,0,0
diq,156.6194265,1500000,FALSE,,0,0
dir,3127.804182,9000,FALSE,,0,0
dis,1639.105852,112000,FALSE,,0,0
dit,26677.10809,0,FALSE,,0,0
diu,27264.68377,36200,FALSE,,0,0
div,12.9028819,340500,TRUE,30,380406.0015,380406.0015
diw,11569.47629,80000,FALSE,,0,0
dix,129.5289877,50,TRUE,,518849.5524,1792338.995
diy,611.5600659,100,FALSE,,0,0
diz,8389.482067,155000,FALSE,,0,0
djb,3427.190665,45,FALSE,,0,0
djc,6326.804261,34000,FALSE,,0,0
djd,4077.097115,120,FALSE,,0,0
dje,75676.88302,2438900,FALSE,32,0,0
djf,11759.76313,0,FALSE,,0,0
dji,4145.169791,210,FALSE,24,0,0
djj,249.5275726,240,FALSE,,0,0
djk,5088.820266,,FALSE,,0,0
djl,21752.16583,,FALSE,,0,0
djm,9979.659633,130000,FALSE,,0,0
djn,12692.91194,43,FALSE,,0,0
djo,2775.910809,37000,FALSE,,0,0
djr,41.68861914,4282,TRUE,,764.4469991,764.4469991
dju,564.1388435,1640,FALSE,,0,0
djw,875.1897076,0,FALSE,,0,0
dka,125.191651,2000,FALSE,,0,0
dkk,23.97732174,1500,FALSE,,0,0
dkl,1767.071471,,FALSE,,0,0
dkr,23.86285745,0,FALSE,,0,0
dks,10193.72069,250000,FALSE,32,0,0
dkx,491.4707676,17000,FALSE,,0,0
dlg,74025.81402,1050,FALSE,,0,0
dln,46.40530548,6000,FALSE,,0,0
dma,335.7246103,9840,FALSE,,0,0
dmc,84.85071345,3820,FALSE,,0,0
dme,21.19209319,5000,FALSE,,0,0
dmg,1270.086254,0,FALSE,,0,0
dmk,11.29546891,340,FALSE,45,0,0
dml,57.10844129,5000,FALSE,42,0,0
dmm,3.498942635,50,FALSE,,0,0
dmo,156.5532932,4500,FALSE,,0,0
dmr,96.04556453,2800,TRUE,,178106.3291,555614.6302
dms,753.5051091,2000,FALSE,,0,0
dmu,261.8869482,220,FALSE,,0,0
dmv,45.72915316,0,FALSE,,0,0
dmx,1163.378141,5000,FALSE,,0,0
dmy,46.12868167,1300,FALSE,,0,0
d,255.5309417,20000,FALSE,,0,0
dnd,62.57132588,170,FALSE,,0,0
dne,10157.49923,100000,FALSE,,0,0
dng,560.0980142,40000,FALSE,32,0,0
dni,1224.976336,20000,FALSE,20,0,0
dnk,172.3532434,20000,TRUE,,12375.14645,457685.6907
dnn,969.0440796,13400,FALSE,,0,0
dnr,54.62128998,260,FALSE,,0,0
dnt,753.6837724,50000,FALSE,24,0,0
dnu,117.78076,1000,FALSE,40,0,0
dnw,9615.710526,180000,FALSE,22,0,0
dny,4831.822113,740,FALSE,,0,0
doa,186.1702038,12000,FALSE,,0,0
dob,364.0882079,10000,TRUE,19,16582.84765,808868.4521
doc,4648.290749,463000,FALSE,,0,0
doe,715.0967504,24000,FALSE,,0,0
dof,143.324976,950,FALSE,,0,0
doh,242.8800252,5000,FALSE,,0,0
dok,1563.488555,13000,FALSE,,0,0
dol,102.1639324,700,FALSE,,0,0
don,830.0023802,1800,FALSE,,0,0
doo,1469.796307,12900,FALSE,,0,0
dop,2067.578189,63600,FALSE,,0,0
dor,228.6751246,2410,TRUE,,986843.4856,1788741.373
dos,5361.635164,20000,FALSE,,0,0
dot,414.5676292,8830,FALSE,,0,0
dov,15758.83682,5430,FALSE,,0,0
dow,2309.802884,18000,FALSE,31,0,0
dox,261.7264184,19700,FALSE,,0,0
doy,2782.330312,65,FALSE,,0,0
doz,335.9819115,20800,FALSE,,0,0
dpp,15.44895575,0,FALSE,,0,0
drb,388.2608368,1000,FALSE,,0,0
drd,158.9220268,1750,FALSE,,0,0
dre,3539.679892,1670,FALSE,,0,0
drg,1376.47158,55000,FALSE,,0,0
drh,17847.67897,,FALSE,,0,0
dri,3629.636644,90000,FALSE,,0,0
drl,29365.09026,24,FALSE,,0,0
drn,101.1166673,800,TRUE,,193181.3232,563799.615
dro,821.2235814,7600,FALSE,,0,0
drq,690.0100618,3397,FALSE,,0,0
drs,963.6613065,975000,FALSE,31,0,0
drt,2565.060551,,FALSE,,0,0
dru,795.9536923,10500,FALSE,22,0,0
drw,4551.443358,,FALSE,,0,0
dry,258.9483777,11700,FALSE,,0,0
dsb,131.4047553,6670,FALSE,,0,0
dsh,3878.773141,60500,FALSE,32,0,0
dsi,358.8755626,2370,FALSE,,0,0
dsn,2.59334492,,FALSE,,0,0
dso,2171.184645,,FALSE,,0,0
dsq,94395.18027,100000,FALSE,,0,0
dta,21256.61743,96100,FALSE,,0,0
dtb,10155.75792,0,FALSE,20,0,0
dti,7.216324686,500,FALSE,,0,0
dtk,2676.69313,127000,FALSE,,0,0
dtm,6793.892865,133000,FALSE,25,0,0
dtp,7256.453677,141000,FALSE,,0,0
dtr,187.1845438,0,FALSE,,0,0
dts,1482.394727,50000,FALSE,,0,0
dtt,428.6995142,2900,FALSE,,0,0
dtu,6.970947281,3000,FALSE,,0,0
dua,1664.778097,87700,FALSE,24,0,0
dub,2873.609351,252000,FALSE,,0,0
duc,2099.90024,11000,FALSE,18,0,0
dud,4189.671764,73000,FALSE,28,0,0
due,2637.929142,3000,FALSE,26,0,0
duf,1864.5839,2000,FALSE,,0,0
dug,4244.208252,397000,FALSE,,0,0
duh,4787.970103,100000,FALSE,,0,0
dui,49.2330521,35,FALSE,,0,0
duj,10860.3028,,FALSE,29,0,0
duk,110.0090774,470,FALSE,,0,0
dul,24.23343942,30,TRUE,,1212.265812,1124459.608
dun,1833.218747,20000,FALSE,17,0,0
duo,3500.927634,1200,FALSE,,0,0
dup,5353.457332,,FALSE,,0,0
duq,4687.58364,4500,FALSE,,0,0
dur,13027.02871,47000,FALSE,44,0,0
dus,39.11266392,7640,FALSE,,0,0
duu,4215.372525,14225,FALSE,,0,0
duv,806.0460897,930,FALSE,,0,0
duw,679.0501054,5000,FALSE,,0,0
dux,1728.848033,70000,FALSE,,0,0
duy,345.5764623,0,FALSE,,0,0
duz,1958.766414,0,FALSE,,0,0
dva,224.784946,3550,TRUE,,16582.84765,813059.721
dwa,504.7385291,7200,FALSE,,0,0
dwl,99.43733567,,FALSE,,0,0
dww,249.8445381,2500,FALSE,,0,0
dya,367.8466404,14100,FALSE,35,0,0
dyb,3844.584314,0,FALSE,,0,0
dyd,3304.001456,0,FALSE,,0,0
dyg,671.0805406,,FALSE,,0,0
dyi,9861.62595,95500,FALSE,,0,0
dym,140.4439432,2000,FALSE,,0,0
dyn,1612.025947,,FALSE,28,0,0
dyo,7200.689731,407000,FALSE,32,0,0
dyu,81936.17321,2500000,FALSE,27,0,0
dyy,650.8876208,29,FALSE,17,0,0
dza,42.11468344,2500,FALSE,,0,0
dzd,122.3165228,,FALSE,,0,0
dzg,507411.8778,381000,FALSE,,0,0
dzl,2769.976197,22000,FALSE,,0,0
dzn,725.8009854,6000,FALSE,,0,0
dzo,16050.63405,171000,FALSE,,0,0
ebg,77.65708586,5000,FALSE,,0,0
ebo,21558.86623,20400,FALSE,,0,0
ebr,1041.985757,75900,FALSE,26,0,0
ebu,2909.572405,429000,FALSE,,0,0
eee,225.8378988,,FALSE,,0,0
efa,102.0802407,6320,FALSE,,0,0
efe,28440.23159,20000,FALSE,,0,0
efi,1948.069665,400000,FALSE,20,0,0
ega,16.0919918,2500,FALSE,,0,0
ego,917.9847777,140000,FALSE,,0,0
ehu,200.6512327,14200,FALSE,,0,0
eip,676.4211262,3000,FALSE,,0,0
eit,37.21686934,500,FALSE,,0,0
eiv,536.3177097,1200,TRUE,,265963.7203,1421666.378
eja,520.1977609,8230,FALSE,,0,0
eka,468.9521664,63000,FALSE,,0,0
eke,189.2225933,200000,FALSE,,0,0
ekg,12318.27252,100000,FALSE,16,0,0
eki,65.29764078,5000,FALSE,,0,0
ekm,243.7210981,6400,FALSE,,0,0
eko,604.1384532,77000,FALSE,,0,0
ekp,749.10789,30000,FALSE,,0,0
ekr,271.0826387,50000,FALSE,,0,0
eky,9046.605653,26000,FALSE,,0,0
ele,12.13217185,330,FALSE,,0,0
elh,686.0278871,50,FALSE,,0,0
eli,1107.914404,0,FALSE,28,0,0
elk,110.7437744,1640,FALSE,16,0,0
ell,138508.5212,11846920,FALSE,26,0,0
elm,83.23775305,58000,FALSE,29,0,0
elo,27279.13996,8,FALSE,,0,0
elp,244.722203,,FALSE,,0,0
elu,18.41427514,220,TRUE,,273605.7652,1037507.438
ema,734.618882,100000,FALSE,,0,0
emb,2207.846279,10000,FALSE,,0,0
eme,517.1910705,400,FALSE,,0,0
emg,8.99015001,0,FALSE,,0,0
emi,353.6207912,3651,TRUE,,324569.5291,1276843.934
emk,74477.84335,3498000,FALSE,,0,0
eml,22094.67639,,FALSE,,0,0
emn,132.7480239,800,FALSE,,0,0
emo,8192.036631,,FALSE,,0,0
emp,26587.84965,72200,FALSE,27,0,0
ems,27133.84791,300,FALSE,,0,0
emu,260.8746913,200000,FALSE,,0,0
emw,23.83521894,250,TRUE,,257178.4214,415634.5992
e,689.4439596,980,FALSE,,0,0
enb,2644.814029,180000,FALSE,,0,0
enc,6.428252716,200,FALSE,,0,0
end,656.4640563,110000,FALSE,,0,0
enf,2858.904105,40,FALSE,32,0,0
eng,15411733.85,,FALSE,32,0,0
enh,2879.171002,40,FALSE,,0,0
enn,194.7896354,20000,FALSE,32,0,0
eno,377.8465598,1500,TRUE,,114333.426,744338.1787
enq,7330.857952,230000,FALSE,23,0,0
enr,653.0722064,2000,FALSE,,0,0
enu,1853.278564,30000,FALSE,,0,0
env,46.55291491,14000,FALSE,,0,0
enw,221.7389237,15000,FALSE,,0,0
eot,284.7293183,200,FALSE,,0,0
epi,220.7213798,12000,FALSE,31,0,0
epo,34926.45829,,FALSE,,0,0
era,948.4864149,5000,FALSE,,0,0
erg,670.6013728,1900,TRUE,24,413712.4229,1801446.34
erh,394.0397761,64000,FALSE,,0,0
eri,67.71536539,2210,FALSE,,0,0
erk,662.8592869,6000,TRUE,17,456684.0896,1785473.587
ero,7110.652569,45000,FALSE,,0,0
err,1320.661648,0,FALSE,,0,0
ers,2613.097675,20000,FALSE,,0,0
ert,776.9277731,530,FALSE,,0,0
erw,126.9545085,200,FALSE,,0,0
ese,5476.325832,730,FALSE,21,0,0
esh,6371.553077,0,FALSE,,0,0
esi,52675.61758,0,FALSE,,0,0
esk,114449.2217,5580,FALSE,,0,0
eso,37377.04131,,FALSE,,0,0
esq,3791.286314,80,FALSE,,0,0
ess,6369.04799,1910,FALSE,36,0,0
est,45037.82114,,FALSE,27,0,0
esu,125083.1,10000,FALSE,26,0,0
etb,71.59489806,15000,FALSE,,0,0
etn,7.210402668,500,TRUE,,456684.0896,1785473.587
eto,4650.984224,52000,FALSE,,0,0
etr,473.9310327,1670,FALSE,,0,0
ets,3418.523702,274000,FALSE,34,0,0
etu,7951.463031,116700,FALSE,26,0,0
etx,183.3532255,40000,FALSE,,0,0
etz,2364.483858,1000,FALSE,,0,0
eus,16398.77653,544200,FALSE,25,0,0
eve,56761.59064,5660,FALSE,29,0,0
evh,204.0519169,19800,FALSE,,0,0
evn,487154.4271,16800,FALSE,25,0,0
ewe,16472.84298,3112000,FALSE,36,0,0
ewo,51142.05135,578000,FALSE,31,0,0
ext,41803.17527,201500,FALSE,,0,0
eya,15148.98415,50,FALSE,38,0,0
eyo,3319.816492,314000,FALSE,,0,0
eze,226.3884327,5000,FALSE,,0,0
faa,2470.824896,1200,FALSE,17,0,0
fab,13.84623254,,TRUE,,351225.1439,351225.1439
fad,47.68485089,3380,FALSE,,0,0
faf,711.433581,900,TRUE,19,1043861.154,1735961.236
fag,42.66562626,1300,FALSE,,0,0
fai,3359.883968,4500,FALSE,18,0,0
faj,32.99858433,50,FALSE,,0,0
fak,48.82631172,2400,FALSE,,0,0
fal,924.5202167,20000,FALSE,,0,0
fam,122.3628577,1000,FALSE,,0,0
fan,126528.5355,1306100,FALSE,33,0,0
fao,1257.545113,45000,TRUE,32,321425.226,586933.7972
fap,16.15916283,10700,FALSE,,0,0
far,315.4984775,6700,TRUE,,986843.4856,1788741.373
fau,2329.741177,1400,FALSE,,0,0
fax,283.9393235,10500,FALSE,,0,0
fay,45941.63346,100000,FALSE,,0,0
fcs,1499892.1,,FALSE,,0,0
fer,422.5333593,8000,FALSE,36,0,0
ffi,20.76576538,,FALSE,,0,0
ffm,283652.8694,1000000,FALSE,,0,0
fgr,5705.21301,0,FALSE,,0,0
fia,9787.695673,605000,FALSE,25,0,0
fie,166.176606,26100,FALSE,,0,0
fij,11439.69162,330000,TRUE,22,1167874.978,2629246.942
fil,3833.498628,0,FALSE,,0,0
fin,307105.7376,5138900,FALSE,24,0,0
fip,11952.82185,195000,FALSE,,0,0
fir,136.0771552,2500,FALSE,,0,0
fit,36828.91991,60000,FALSE,,0,0
fiw,365.1024807,300,FALSE,,0,0
fkv,1104.471457,5000,FALSE,,0,0
fla,1741.132241,64,FALSE,40,0,0
flh,4972.00019,350,FALSE,,0,0
fli,435.3648663,25000,FALSE,,0,0
fll,955.8965066,16000,FALSE,,0,0
flr,1145.214855,400000,FALSE,,0,0
fly,40909.85398,,FALSE,,0,0
fmp,819.7175494,124000,FALSE,,0,0
fmu,588.2485649,400000,FALSE,,0,0
fng,446903.0256,,FALSE,,0,0
fni,4088.964504,1100,FALSE,,0,0
fod,138.2025991,24500,FALSE,,0,0
foi,1115.35835,2800,FALSE,21,0,0
fom,570.5876613,,FALSE,,0,0
fon,5488.970158,1435500,FALSE,30,0,0
for,678.7454682,17000,FALSE,15,0,0
fos,3433.798379,0,FALSE,,0,0
fpe,1563.89546,,TRUE,,35592.45305,35592.45305
fqs,2030.642497,2500,FALSE,,0,0
fra,1331139.587,,FALSE,32,0,0
frc,36848.74709,25600,FALSE,,0,0
frd,918.644955,50000,TRUE,,319890.1938,352296.5459
frk,35734.63932,,FALSE,,0,0
frp,47857.77777,137000,FALSE,36,0,0
frq,6.713597005,280,FALSE,,0,0
frr,569.8298963,10000,FALSE,,0,0
frs,123.195956,2000,FALSE,,0,0
frt,168.9970738,450,TRUE,,569961.3384,1795687.399
fry,2977.016946,467000,FALSE,29,0,0
fsl,2259.476182,,FALSE,,0,0
fub,80945.69664,907000,FALSE,32,0,0
fuc,187562.4195,3691000,FALSE,,0,0
fud,59.87311748,3600,TRUE,,1793555.649,3247795.666
fue,14196.33904,280000,FALSE,,0,0
fuf,81760.10843,2779200,FALSE,,0,0
fuh,99157.20502,1230000,FALSE,,0,0
fui,62873.60623,24000,FALSE,,0,0
fuj,276.5327933,2680,FALSE,30,0,0
fum,4.515311254,,FALSE,,0,0
fun,1416.284212,2930,FALSE,,0,0
fuq,346727.8128,450000,FALSE,,0,0
fur,4731.693979,300000,FALSE,25,0,0
fut,3.593252972,1500,TRUE,21,418382.596,1837077.695
fuu,3328.032459,16000,FALSE,,0,0
fuv,57061.50557,11585000,FALSE,,0,0
fuy,2980.947673,14000,FALSE,,0,0
fvr,113321.2973,501800,FALSE,26,0,0
fwa,91.94776475,1860,FALSE,37,0,0
fwe,3393.578517,10200,FALSE,,0,0
gaa,1685.402929,600000,FALSE,36,0,0
gab,516.6186632,34400,FALSE,,0,0
gad,805.4617334,30000,FALSE,22,0,0
gae,26148.44192,650,FALSE,,0,0
gaf,271.8211384,8000,FALSE,26,0,0
gag,3238.986702,168000,FALSE,31,0,0
gah,259.0345546,25000,FALSE,18,0,0
gai,120.26808,2090,FALSE,,0,0
gaj,393.9874106,22100,FALSE,13,0,0
gak,80.26322812,1500,FALSE,,0,0
gal,950.8928313,13680,FALSE,,0,0
gam,205.0943499,4000,FALSE,,0,0
gan,173568.7605,,FALSE,25,0,0
gao,150.2263552,1880,FALSE,,0,0
gap,19.49031015,340,FALSE,,0,0
gaq,258.9635761,3060,FALSE,27,0,0
gar,139.6782994,2620,TRUE,,41205.87846,808868.4521
gas,5497.30031,100000,FALSE,,0,0
gat,43.81704583,950,FALSE,,0,0
gau,3847.776457,8000,FALSE,,0,0
gav,20.96696637,,FALSE,,0,0
gaw,221.6352824,5000,FALSE,,0,0
gax,328295.9755,3949600,FALSE,,0,0
gay,7732.89727,300000,FALSE,,0,0
gaz,116733.9868,8920000,FALSE,31,0,0
gbb,9706.536613,140,FALSE,24,0,0
gbc,36023.27316,,FALSE,22,0,0
gbd,11837.17772,26,FALSE,20,0,0
gbe,901.5817126,930,FALSE,,0,0
gbf,194.065329,1200,FALSE,,0,0
gbg,3207.920664,17500,FALSE,29,0,0
gbh,42.96146865,13500,FALSE,,0,0
gbi,4502.108888,79000,FALSE,,0,0
gbj,989.8074998,8000,FALSE,25,0,0
gbk,2295.028612,110000,FALSE,,0,0
gbl,816.7832075,284000,FALSE,,0,0
gbm,22970.57311,2920000,FALSE,33,0,0
gbn,676.866524,600,FALSE,,0,0
gbo,7381.084669,84500,FALSE,38,0,0
gbp,7988.292391,200000,FALSE,39,0,0
gbq,10139.1522,32500,FALSE,,0,0
gbr,17472.02716,700000,FALSE,30,0,0
gbs,170.3592802,65000,FALSE,,0,0
gbu,1119.657046,1,FALSE,,0,0
gbv,15978.77789,95000,FALSE,,0,0
gbx,181.9185536,80000,FALSE,,0,0
gby,8742.553585,350000,FALSE,,0,0
gbz,3479.164954,8000,FALSE,28,0,0
gcc,1314.42789,2200,FALSE,,0,0
gcd,21171.54121,1,FALSE,,0,0
gce,13124.5467,0,FALSE,34,0,0
gcf,2813.610827,,TRUE,,419524.7733,419524.7733
gcl,339.6254601,,TRUE,,139077.4495,139077.4495
gcn,36.75002967,1410,FALSE,,0,0
gcr,11797.81729,,FALSE,,0,0
gda,15002.77075,1010,FALSE,43,0,0
gdb,386.3810295,15000,FALSE,27,0,0
gdc,20129.59479,0,FALSE,,0,0
gdd,40.50914801,6950,FALSE,20,0,0
gde,570.4833679,96000,FALSE,31,0,0
gdf,52.71734385,55900,FALSE,,0,0
gdg,412.1487768,6000,FALSE,22,0,0
gdh,7742.018958,3,FALSE,,0,0
gdi,5286.861852,9000,FALSE,,0,0
gdj,3725.793357,1,FALSE,,0,0
gdk,1000.459847,2500,FALSE,,0,0
gdl,1039.502626,65300,FALSE,,0,0
gdm,132.0863659,750,FALSE,,0,0
gdn,502.6318228,2400,FALSE,,0,0
gdo,32.98189751,130,FALSE,42,0,0
gdq,133552.5269,100800,FALSE,,0,0
gdr,2592.89876,3500,FALSE,,0,0
gdu,164.2142035,5000,FALSE,,0,0
gdx,30920.57034,3000000,FALSE,,0,0
gea,835.3193822,9030,FALSE,,0,0
geb,148.5003588,2420,FALSE,28,0,0
gec,330.0484108,64400,FALSE,,0,0
ged,1854.546887,72100,FALSE,30,0,0
geg,102.6857546,,FALSE,,0,0
geh,1320168.146,40000,FALSE,,0,0
gei,216.6701234,2650,TRUE,,44143.91098,1203480.168
gej,173.7744183,327000,FALSE,,0,0
gek,69.14993896,14100,FALSE,,0,0
gel,1737.128552,36000,FALSE,,0,0
geq,131.12179,550,FALSE,,0,0
ges,544.5299423,36500,FALSE,,0,0
gew,2388.726668,200000,FALSE,,0,0
gex,2570.401195,57500,FALSE,,0,0
gey,1042.532287,15000,FALSE,,0,0
gez,74520.10682,0,FALSE,37,0,0
gfk,600.0896868,7000,TRUE,,30019.16703,1261134.28
gft,23116.52104,,FALSE,38,0,0
gga,147.58114,1220,TRUE,26,735060.6255,1645073.611
ggb,1491.858379,5600,FALSE,,0,0
ggd,17016.52779,0,FALSE,25,0,0
gge,1034.386606,60,FALSE,,0,0
ggg,1552.393296,35300,FALSE,,0,0
ggk,1706.486527,0,FALSE,,0,0
ggl,21.61576306,470,FALSE,,0,0
ggn,1544.27626,,FALSE,37,0,0
ggo,3431.37958,,FALSE,,0,0
ggr,5044.089511,,FALSE,,0,0
ggt,30.03281449,760,FALSE,,0,0
ggu,2227.255606,60000,FALSE,,0,0
ggw,2881.596678,22000,FALSE,18,0,0
gha,4972.302474,10000,FALSE,,0,0
ghc,14080.34876,,FALSE,,0,0
ghe,298.2317415,21500,FALSE,,0,0
ghh,140.6758975,4440,FALSE,,0,0
ghk,1942.181153,17000,FALSE,,0,0
ghl,713.7638706,16000,FALSE,,0,0
ghn,85.56595348,2510,TRUE,,561889.4486,1435354.27
gho,28324.97688,10000,FALSE,,0,0
ghr,1.56212084,10000,FALSE,,0,0
ghs,1322.241153,13000,FALSE,21,0,0
ght,110.7475525,29,FALSE,,0,0
gia,30671.781,210,FALSE,24,0,0
gic,41211.60593,,FALSE,,0,0
gid,2040.42409,65700,FALSE,,0,0
gig,20952.26199,25400,FALSE,,0,0
gil,5102.288345,64040,TRUE,16,592498.867,1459672.609
gim,974.4661868,22500,FALSE,18,0,0
gin,36.81107172,5,FALSE,47,0,0
gio,1709.068162,,FALSE,,0,0
gip,382.9575378,3700,FALSE,,0,0
giq,52.67124983,300,FALSE,,0,0
gir,10.09674176,20,FALSE,,0,0
gis,202.8663219,20000,FALSE,,0,0
git,169.8302141,930,FALSE,,0,0
giw,648.8086951,1220,FALSE,,0,0
gix,1690.106097,12000,FALSE,,0,0
giz,1310.096746,60000,FALSE,,0,0
gji,879.1534068,6000,FALSE,,0,0
gjk,26150.02146,570000,FALSE,,0,0
gjn,9416.533094,230000,FALSE,30,0,0
gju,6509.20001,992000,FALSE,,0,0
gka,34.28579205,130,FALSE,,0,0
gke,6.013289859,5,FALSE,35,0,0
gkn,88.44875657,100000,FALSE,30,0,0
gkp,6479.281052,460000,FALSE,,0,0
gla,13921.25405,58700,FALSE,44,0,0
glc,987.5968433,1200,FALSE,,0,0
gld,14725.07637,1390,FALSE,27,0,0
gle,36038.99812,254000,FALSE,24,0,0
glg,36395.0096,2355000,FALSE,29,0,0
glh,3024.675829,70000,FALSE,37,0,0
glj,1934.20758,3500,FALSE,29,0,0
glk,6584.730349,3270000,FALSE,29,0,0
glo,424.1922518,25000,FALSE,,0,0
glr,1402.516384,4270,FALSE,,0,0
glu,649.959799,10300,FALSE,,0,0
glv,8127.218999,0,FALSE,,0,0
glw,279.8790166,31300,FALSE,39,0,0
gly,42581.26719,1000,FALSE,,0,0
gma,4368.528836,0,FALSE,,0,0
gmb,0.532844486,1570,TRUE,,1050487.697,1834449.565
gmd,104.518309,2000,FALSE,,0,0
gmm,12498.70608,8000,FALSE,32,0,0
gmn,214.2808147,3000,FALSE,,0,0
gmo,11275.30979,,FALSE,33,0,0
gmu,15.60629335,580,FALSE,,0,0
gmx,214.7757248,9000,FALSE,,0,0
g,1272.163477,6000,FALSE,,0,0
gnb,673.7250296,14500,FALSE,,0,0
gnd,177.3957152,26000,FALSE,,0,0
gne,21.88086574,3000,FALSE,,0,0
gng,1856.588758,66000,FALSE,33,0,0
gnh,0.682896,0,FALSE,,0,0
gni,5737.636246,410,FALSE,,0,0
gnk,12664.33159,2000,FALSE,69,0,0
gnl,57096.75946,0,FALSE,,0,0
gnm,174.2551506,1440,FALSE,,0,0
gnn,143.6004647,240,FALSE,,0,0
gno,44733.24137,1950000,FALSE,36,0,0
gnq,59.12469973,0,FALSE,,0,0
gnr,24617.18693,0,FALSE,,0,0
gnt,710.5847177,350,FALSE,,0,0
gnu,23.9969939,1330,FALSE,,0,0
gnw,19185.95641,7000,FALSE,,0,0
gnz,19826.61875,1400,FALSE,,0,0
goa,12525.58223,500000,FALSE,33,0,0
gob,1864.817399,350,FALSE,,0,0
goc,287.1826931,2740,FALSE,,0,0
god,5590.037316,26400,FALSE,,0,0
goe,19.14541908,2000,FALSE,,0,0
gog,37520.06555,1440000,FALSE,,0,0
goi,1134.205846,1100,FALSE,,0,0
goj,480.5630111,,FALSE,,0,0
gok,270.2142897,,FALSE,,0,0
gol,8566.534857,107300,FALSE,,0,0
gom,13545.4157,3633900,FALSE,,0,0
goo,11.64318369,690,TRUE,,1362095.217,2819873.248
gop,260.7139048,350,FALSE,,0,0
goq,62.4730604,1000,FALSE,,0,0
gor,6742.936196,1000000,FALSE,,0,0
gos,2619.301144,592000,FALSE,,0,0
gou,112.4253159,7000,FALSE,,0,0
gow,2450.496302,50000,FALSE,,0,0
gox,1352.334466,12000,FALSE,,0,0
goy,78.61440692,30,FALSE,,0,0
goz,6252.906166,0,FALSE,,0,0
gpa,563.467571,15000,FALSE,,0,0
gpn,69.73344676,75,FALSE,,0,0
gqa,259.2662494,43000,FALSE,34,0,0
gqi,1114.006725,6000,FALSE,,0,0
gqn,178824.9931,,FALSE,,0,0
gqr,3865.623396,87000,FALSE,,0,0
gra,7798.136211,100000,FALSE,,0,0
grc,11894.88553,0,FALSE,23,0,0
grd,328.6023248,15000,FALSE,,0,0
grg,13.62176395,380,FALSE,,0,0
grh,345.5212345,25000,FALSE,,0,0
gri,1744.776385,12100,TRUE,21,931865.4446,1656238.332
grj,1107.793771,61600,FALSE,,0,0
grm,26.9309402,0,FALSE,,0,0
gro,1098.985548,26800,FALSE,,0,0
grq,54.99959781,15,FALSE,,0,0
grr,11497.07337,58000,FALSE,,0,0
grs,221.9325715,2500,FALSE,,0,0
grt,13487.01444,1009000,FALSE,21,0,0
gru,1027.473751,255000,FALSE,,0,0
grv,1614.94775,30800,FALSE,,0,0
grw,1.669366028,26,FALSE,,0,0
grx,418.5870295,160,FALSE,,0,0
gry,812.9100923,23700,FALSE,,0,0
grz,582.5530689,,TRUE,,30019.16703,1261134.28
gsg,6271.605173,,FALSE,,0,0
gsl,67.73492783,15400,FALSE,,0,0
gsn,58.98742925,800,FALSE,,0,0
gso,20695.49423,220000,FALSE,,0,0
gsp,68.41197444,590,FALSE,,0,0
gsw,33228.88059,6169000,FALSE,,0,0
gta,2722.649843,4,FALSE,,0,0
gti,546.0616366,,FALSE,,0,0
gua,99.47245669,1200,FALSE,,0,0
gub,56058.97104,,FALSE,23,0,0
guc,32719.50423,321000,FALSE,22,0,0
gud,3083.02411,102000,FALSE,,0,0
gue,46097.95009,590,FALSE,,0,0
guf,608.0056671,330,FALSE,,0,0
gug,8984.952221,4650000,FALSE,24,0,0
guh,113776.4402,34200,FALSE,23,0,0
gui,47101.61932,51230,FALSE,25,0,0
guj,206965.1386,45700000,FALSE,42,0,0
guk,37513.28905,219000,FALSE,,0,0
gul,72655.13996,,FALSE,,0,0
gum,1223.50371,21000,FALSE,20,0,0
gun,52433.93305,15000,FALSE,,0,0
guo,5969.750808,1000,FALSE,,0,0
gup,9911.791537,1220,FALSE,24,0,0
guq,3589.377963,1000,FALSE,,0,0
gur,3353.232455,845100,FALSE,31,0,0
gus,1658.572818,,FALSE,,0,0
gut,66.69177576,750,FALSE,,0,0
guu,70311.67059,19700,FALSE,,0,0
guv,1468.692483,,FALSE,,0,0
guw,1208.026081,579000,FALSE,29,0,0
gux,63327.79124,813000,FALSE,26,0,0
guz,3931.833411,2205300,FALSE,27,0,0
gva,768.9492029,28,FALSE,,0,0
gvc,1445.902166,750,FALSE,23,0,0
gve,25.04665163,400,FALSE,,0,0
gvf,938.3406967,51100,FALSE,20,0,0
gvj,4334.683695,280,FALSE,,0,0
gvl,3568.725092,163000,FALSE,,0,0
gvm,177.0466168,3000,FALSE,,0,0
gvn,5375.0935,360,FALSE,17,0,0
gvo,917.2239838,340,FALSE,,0,0
gvp,1151.895054,0,FALSE,,0,0
gvr,6069.241077,158000,FALSE,,0,0
gvs,20.56221957,470,TRUE,,81422.61124,855083.4824
gvy,49259.70857,0,FALSE,,0,0
gwa,422.5455001,25000,FALSE,,0,0
gwb,79.94213455,980,FALSE,,0,0
gwc,536.221051,100000,FALSE,43,0,0
gwd,1688.340828,68600,FALSE,31,0,0
gwe,537.0981697,2200,FALSE,,0,0
gwf,10.37913902,200,FALSE,,0,0
gwg,140.2100361,5000,FALSE,,0,0
gwi,8687.457523,670,FALSE,,0,0
gwj,24006.69752,2500,FALSE,71,0,0
gwn,3292.179376,27300,FALSE,28,0,0
gwr,1464.538324,409000,FALSE,,0,0
gwt,103.5919136,9500,FALSE,41,0,0
gwu,56442.25513,0,FALSE,,0,0
gww,154.4749913,50,FALSE,,0,0
gwx,198.9144443,60200,FALSE,,0,0
gxx,13774.65595,293000,FALSE,,0,0
gya,64002.04486,267000,FALSE,36,0,0
gyb,138.3520404,2650,FALSE,,0,0
gyd,130.737608,23,TRUE,,25617.71428,25617.71428
gye,152.94397,1000,FALSE,,0,0
gyf,36882.65179,0,FALSE,,0,0
gyg,547.5165643,5000,FALSE,,0,0
gyi,2985.582162,4279,FALSE,,0,0
gyl,212.5952445,55700,FALSE,,0,0
gym,10092.94127,174100,FALSE,24,0,0
gyn,9484.494744,,FALSE,,0,0
gyr,18747.66924,5930,FALSE,,0,0
gyy,36492.41264,0,FALSE,,0,0
gza,344.3452267,3000,FALSE,,0,0
gzi,423.2281827,7030,FALSE,,0,0
gzn,1536.629377,2900,FALSE,,0,0
haa,1212.882681,19,FALSE,,0,0
hab,42.1441462,,FALSE,,0,0
hac,17209.21465,200000,FALSE,,0,0
had,1036.46113,16000,FALSE,,0,0
hae,37237.60763,4530000,FALSE,,0,0
haf,11.66202606,,FALSE,,0,0
hag,237.6774814,6800,FALSE,,0,0
hah,280.8109978,1300,TRUE,,265963.7203,1421666.378
haj,738.2062232,71000,FALSE,,0,0
hak,1122375.111,,FALSE,22,0,0
hal,1097.243854,17500,FALSE,30,0,0
ham,2583.761186,2150,FALSE,19,0,0
han,1675.949747,150000,FALSE,,0,0
hao,115.2545864,5000,TRUE,,241501.5566,1443310.543
hap,77.04135679,3000,FALSE,,0,0
haq,14170.39885,990000,FALSE,,0,0
har,5.333175981,25800,FALSE,,0,0
has,31.79076022,170,FALSE,46,0,0
hat,26910.67259,,FALSE,,0,0
hau,543058.4124,23960500,FALSE,38,0,0
hav,1204.239309,506000,FALSE,,0,0
haw,16648.81339,2000,TRUE,14,3636407.315,3636407.315
hax,16.96910174,10,TRUE,,78307.59893,78307.59893
hay,7675.347724,1300000,FALSE,,0,0
haz,96248.56021,2210000,FALSE,,0,0
hba,10186.84265,13000,FALSE,,0,0
hbb,1656.626701,175000,FALSE,41,0,0
hbn,930.4672402,4410,FALSE,24,0,0
hbo,49.89587565,0,FALSE,,0,0
hbu,77.69180077,2700,FALSE,,0,0
hca,475.0373317,10000,TRUE,,438880.054,438880.054
hch,9828.916085,17800,FALSE,18,0,0
hdn,2206.973951,45,TRUE,39,6499.122441,6499.122441
hdy,3466.047832,1250000,FALSE,29,0,0
hea,8056.688661,1250000,FALSE,,0,0
heb,11557.1214,4850000,FALSE,27,0,0
hed,2757.49228,40000,FALSE,,0,0
heg,196.5966039,14000,FALSE,,0,0
heh,27633.44598,805000,FALSE,,0,0
hei,159.0165312,90,FALSE,45,0,0
hem,62943.33175,181000,FALSE,,0,0
her,166078.7909,237000,FALSE,,0,0
hgm,8407.594603,18400,FALSE,,0,0
hgw,158.1511562,1060,FALSE,,0,0
hhi,24.52441095,80,FALSE,,0,0
hhr,23.05225676,13200,FALSE,,0,0
hhy,23.41498643,95,FALSE,,0,0
hia,498.8342005,40000,FALSE,,0,0
hib,10134.97054,0,FALSE,,0,0
hid,519.7236831,200,FALSE,17,0,0
hif,6208.809694,380000,TRUE,,1167874.978,2629246.942
hig,625.7003685,300000,FALSE,40,0,0
hih,102.0180567,1500,FALSE,,0,0
hii,7776.786719,29700,FALSE,,0,0
hij,91.09297782,400,FALSE,,0,0
hik,53.27913712,10200,TRUE,,9389.770241,918970.446
hil,14548.22608,5770000,FALSE,19,0,0
hin,477740.9624,,FALSE,43,0,0
hio,32544.83016,6540,FALSE,65,0,0
hir,968.7915383,,FALSE,,0,0
hiw,48.7049712,150,TRUE,,804657.5819,1959164.612
hix,2213.772797,600,FALSE,24,0,0
hji,91.97508058,,FALSE,,0,0
hka,522.3963562,2700,FALSE,,0,0
hke,3250.732637,200000,FALSE,,0,0
hkk,666.8274195,8770,FALSE,,0,0
hks,4210.96558,,FALSE,,0,0
hla,165.5925676,20000,TRUE,21,241501.5566,1421666.378
hlb,6359.014398,593000,FALSE,36,0,0
hld,1099.332575,4350,FALSE,,0,0
hle,2307.667538,15000,FALSE,,0,0
hma,340.5388194,10000,FALSE,,0,0
hmb,2675.608549,25000,FALSE,,0,0
hmc,138.6517445,40000,FALSE,,0,0
hmd,7710.603669,300000,FALSE,,0,0
hme,327.0736278,14000,FALSE,,0,0
hmf,3049.889505,0,FALSE,,0,0
hmg,332.5486634,70000,FALSE,,0,0
hmh,84.91144071,56000,FALSE,,0,0
hmi,436.2934076,70000,FALSE,,0,0
hmj,518.5498083,60000,FALSE,,0,0
hml,866.9684069,61000,FALSE,,0,0
hmm,1235.648435,70000,FALSE,,0,0
hmo,365.4715292,,FALSE,,0,0
hmp,290.8979307,35000,FALSE,,0,0
hmq,2281.784311,350000,FALSE,40,0,0
hmr,2210.896277,83400,FALSE,,0,0
hms,5238.863706,500000,FALSE,,0,0
hmt,5967.010212,45000,FALSE,19,0,0
hmu,8.952102067,900,TRUE,,31987.46765,625460.0625
hmv,236.5662299,0,FALSE,,0,0
hmw,305.127189,14000,FALSE,,0,0
hmy,812.1755588,28000,FALSE,,0,0
hmz,57.29942179,252000,FALSE,,0,0
h,439.5204507,11000,FALSE,,0,0
hnd,19556.73905,625000,FALSE,,0,0
hne,57651.36004,13300000,FALSE,,0,0
hnh,743.3976813,1000,FALSE,67,0,0
hni,7860.27347,758620,FALSE,,0,0
hnj,48659.29926,210000,FALSE,,0,0
hnn,688.8951998,13000,TRUE,20,13542.81472,1124520.3
hno,4654.379845,1880000,FALSE,,0,0
hns,818.7803254,,FALSE,,0,0
hnu,1608.154322,2700,FALSE,,0,0
hoa,149.6076133,460,TRUE,,642282.6025,1486772.893
hob,101.9259402,810,FALSE,,0,0
hoc,8816.914765,1040000,FALSE,33,0,0
hod,1170.096864,0,FALSE,,0,0
hoe,63.71275109,1500,FALSE,,0,0
hoh,2169.801549,100,FALSE,,0,0
hoi,1047.08566,6,FALSE,,0,0
hoj,13040.9146,2460000,FALSE,,0,0
hol,4984.157533,28200,FALSE,,0,0
hom,9071.108563,0,FALSE,,0,0
hoo,3168.136185,15500,FALSE,21,0,0
hop,2340.758285,6780,FALSE,24,0,0
hor,2035.115401,0,FALSE,,0,0
hos,64.12500781,,FALSE,,0,0
hot,286.7222038,2300,FALSE,,0,0
hov,4646.986737,1000,FALSE,,0,0
how,4210.146738,140000,FALSE,,0,0
hoy,554.0284537,500,FALSE,,0,0
hoz,566.6062713,3000,FALSE,,0,0
hpo,320.2791805,0,FALSE,,0,0
hra,464.4097397,18700,FALSE,,0,0
hre,2180.010616,94000,FALSE,32,0,0
hrk,179.0282698,18200,TRUE,,6611.892096,917425.3891
hrm,7268.707086,50000,FALSE,,0,0
hro,1244.150005,35000,FALSE,43,0,0
hrt,11165.05305,,FALSE,,0,0
hru,1938.823577,3000,FALSE,,0,0
hrv,197060.9047,,FALSE,31,0,0
hrx,25813.79751,3000000,FALSE,,0,0
hrz,21243.0821,28100,FALSE,,0,0
hsb,1445.167875,13300,FALSE,30,0,0
hsf,763.4318265,,FALSE,,0,0
hsh,8141.54214,,FALSE,,0,0
hsn,91158.99048,,FALSE,29,0,0
hss,25585.17668,600,FALSE,35,0,0
hti,12.59814,,FALSE,,0,0
hto,28564.78532,6800,FALSE,27,0,0
hts,2087.845831,800,FALSE,66,0,0
htu,55.06055786,16000,TRUE,,9389.770241,918970.446
hub,11223.80343,9330,FALSE,22,0,0
huc,15059.27935,200,FALSE,63,0,0
hud,18.65198358,300,FALSE,,0,0
hue,144.6214377,620,FALSE,,0,0
huf,432.1321711,940,FALSE,18,0,0
hug,1005.227984,310,FALSE,,0,0
huh,22352.96103,2000,FALSE,,0,0
hui,5159.058891,150000,FALSE,22,0,0
huj,1986.263444,84000,FALSE,,0,0
huk,22.03532922,,FALSE,,0,0
hul,53.58824027,3240,FALSE,,0,0
hum,177.5851415,400,FALSE,,0,0
hun,119359.8293,12290140,FALSE,34,0,0
huo,60.99141323,1000,FALSE,,0,0
hup,383.9154071,8,FALSE,33,0,0
huq,15.97297216,4000,FALSE,,0,0
hur,440.1675074,570,FALSE,35,0,0
hus,1043.485503,131000,FALSE,27,0,0
hut,2203.450834,4000,FALSE,,0,0
huu,36974.24443,7800,FALSE,21,0,0
huv,125.1391172,11000,FALSE,25,0,0
huw,1995.896478,0,TRUE,,67910.35908,979876.087
hux,1023.011363,100,FALSE,,0,0
huz,153.3078676,1420,FALSE,46,0,0
hva,930.4396066,,FALSE,,0,0
hve,134.2941194,2550,FALSE,,0,0
hvk,229.4571806,300,FALSE,,0,0
hvn,454.4443121,110000,TRUE,27,45804.71934,567715.2925
hvv,21.93727652,500,FALSE,,0,0
hwa,332.0904847,2100,FALSE,,0,0
hwc,16648.81339,,TRUE,,3636407.315,3636407.315
hwo,869.460669,32000,FALSE,,0,0
hya,102.611977,2940,FALSE,,0,0
hye,39361.91913,4274000,FALSE,36,0,0
iai,91.06466242,4080,TRUE,42,94184.02408,1474815.676
ian,1371.912407,8440,FALSE,19,0,0
iap,1581.94919,,FALSE,,0,0
iar,1806.82804,7000,FALSE,,0,0
iba,57824.9145,788400,FALSE,25,0,0
ibb,2649.192104,1500000,FALSE,22,0,0
ibd,4817.663675,140,FALSE,23,0,0
ibe,138.8562804,10000,FALSE,,0,0
ibg,2349.975715,500000,FALSE,21,0,0
ibi,136.2877837,,FALSE,,0,0
ibl,1308.763724,111000,FALSE,23,0,0
ibm,368.2603227,12000,FALSE,,0,0
ibn,205.4362649,10000,FALSE,,0,0
ibo,24582.9619,18000000,FALSE,44,0,0
ibr,128.9406179,5000,FALSE,,0,0
ibu,26.16702663,35,FALSE,,0,0
iby,108.9501547,60000,TRUE,,0,0
ica,1429.30044,63000,FALSE,,0,0
ich,960.6206413,50200,FALSE,,0,0
icr,33.081601,,TRUE,,191050.1833,191050.1833
ida,834.031478,598000,FALSE,,0,0
idb,6368.600449,,FALSE,,0,0
idc,47.11285035,5000,FALSE,,0,0
idd,2010.74902,100000,FALSE,,0,0
ide,121.756208,5000,FALSE,,0,0
idi,3416.189657,1610,FALSE,,0,0
idr,137.8883655,700,FALSE,,0,0
ids,85.98567482,,FALSE,,0,0
idt,201.0770121,13500,FALSE,,0,0
idu,4748.69374,600000,FALSE,30,0,0
ifa,443.131838,27100,FALSE,19,0,0
ifb,980.3826062,43000,FALSE,21,0,0
ife,6403.637702,182000,FALSE,,0,0
iff,163.3838436,0,TRUE,,413712.4229,1801446.34
ifk,453.1302548,30000,FALSE,,0,0
ifm,15373.70877,8150,FALSE,,0,0
ifu,325.763435,30000,FALSE,,0,0
ify,54.57116959,8000,FALSE,21,0,0
igb,5436.283883,1000000,FALSE,33,0,0
ige,2334.672322,250000,FALSE,33,0,0
igg,24.33618892,200,FALSE,,0,0
igl,10153.33446,800000,FALSE,25,0,0
igm,114.9376282,1080,FALSE,,0,0
ign,1973.936996,4500,FALSE,19,0,0
igo,46.04657201,910,FALSE,,0,0
igw,61.84931402,47800,FALSE,,0,0
ihb,401.1434834,,FALSE,,0,0
ihi,45.0613084,,FALSE,,0,0
ihp,1477.595344,5500,FALSE,22,0,0
iii,46834.47596,2000000,FALSE,,0,0
ijc,11300.38118,1000000,FALSE,30,0,0
ije,70.81905567,4800,FALSE,,0,0
ijj,417.7504212,50000,FALSE,,0,0
ijn,1000.322916,258000,FALSE,34,0,0
ijs,2327.651772,71500,FALSE,32,0,0
ike,2599.646779,34100,FALSE,18,0,0
iki,39.81926086,5000,FALSE,,0,0
ikk,185.3404189,22800,FALSE,38,0,0
ikl,1171.839903,50000,FALSE,,0,0
iko,570.9593171,30000,FALSE,,0,0
ikp,137.5648694,5320,FALSE,,0,0
ikt,1148.919472,410,FALSE,,0,0
ikv,186.9191512,13000,FALSE,,0,0
ikw,2280.269385,200000,FALSE,,0,0
ikx,829.2410316,7500,FALSE,,0,0
ikz,699.5594138,55000,FALSE,,0,0
ila,236.1305994,15000,TRUE,,30106.39206,652213.8147
ilb,8256.597975,82900,FALSE,32,0,0
ilg,727.9770844,0,FALSE,,0,0
ili,99450.80518,120,FALSE,,0,0
ilk,2888.320421,50800,FALSE,19,0,0
ill,150.9394295,,FALSE,,0,0
ilo,27865.13537,6920000,FALSE,20,0,0
ilu,453.6690263,1400,TRUE,,49072.42214,643115.676
ilv,93.08563659,5000,FALSE,,0,0
ilw,228.9860317,,TRUE,,50469.26819,643115.676
ima,1107.270434,1000,FALSE,,0,0
ime,1268.753323,,FALSE,,0,0
imi,94.74998085,1250,FALSE,,0,0
imn,30.08298092,250,FALSE,,0,0
imo,622.1090256,42500,FALSE,,0,0
imr,9.127837156,560,TRUE,,257178.4214,415634.5992
inb,4445.141677,18000,FALSE,16,0,0
ind,34194.47951,,FALSE,26,0,0
ing,10404.32749,40,FALSE,,0,0
inh,9005.786929,306000,FALSE,43,0,0
inj,2601.169292,11200,FALSE,,0,0
inn,462.7004308,5520,FALSE,,0,0
ino,70.97168186,10000,FALSE,,0,0
inp,75.34345888,4,FALSE,,0,0
ins,19681.54838,,FALSE,,0,0
int,544.3084926,90000,FALSE,,0,0
inz,3398.537545,0,FALSE,,0,0
ior,895.9117205,280000,FALSE,,0,0
iou,124.6568622,1100,FALSE,,0,0
iow,11595.76044,0,FALSE,26,0,0
ipi,521.4741644,26000,FALSE,,0,0
ipo,149.6709522,345,FALSE,,0,0
iqu,1959.375045,35,FALSE,14,0,0
ire,864.119704,70,FALSE,,0,0
irh,8197.548895,4000,FALSE,,0,0
iri,284.2569749,40000,FALSE,,0,0
irk,10197.66267,462000,FALSE,37,0,0
irn,7995.323566,40,FALSE,26,0,0
irr,183.3786842,,FALSE,,0,0
iru,843.0378471,200000,FALSE,32,0,0
irx,1063.244639,1570,FALSE,19,0,0
iry,1671.70647,10000,TRUE,20,13542.81472,1124520.3
isa,98.82450111,280,FALSE,,0,0
isc,844.1021145,82,FALSE,,0,0
isd,2152.848297,30000,FALSE,21,0,0
isg,243.7425111,,FALSE,,0,0
ish,4499.299585,300000,FALSE,36,0,0
isi,396.3559183,51000,FALSE,,0,0
isl,81778.41482,230000,FALSE,28,0,0
isn,614.2993763,32400,FALSE,,0,0
iso,1680.357738,423000,FALSE,40,0,0
isr,3456.804584,,FALSE,,0,0
ist,744.3869857,400,FALSE,,0,0
isu,810.5454849,10400,FALSE,,0,0
ita,276645.6739,58219610,FALSE,30,0,0
itb,324.0796231,7500,FALSE,,0,0
ite,5554.655102,195,FALSE,,0,0
iti,517.0474086,9000,FALSE,,0,0
itl,5550.326946,80,FALSE,37,0,0
itm,143.7146306,5000,FALSE,,0,0
ito,463.4464386,5,FALSE,25,0,0
itr,286.2130638,480,FALSE,20,0,0
its,2613.007249,510000,FALSE,30,0,0
itt,197.5822301,18000,FALSE,20,0,0
itv,2060.728884,134000,FALSE,,0,0
itw,79.65349022,5000,FALSE,,0,0
itx,181.5752773,80,FALSE,,0,0
ity,23.83627858,12000,FALSE,,0,0
itz,51.27618532,12,FALSE,,0,0
ium,29087.02428,793300,FALSE,43,0,0
ivb,231.9852717,1240,TRUE,,45392.02752,642512.0077
ivv,96.78674583,35000,TRUE,26,195847.0589,567186.5036
iwk,80.4465218,3260,FALSE,,0,0
iwm,827.0373338,3000,FALSE,16,0,0
iwo,1162.714311,6900,FALSE,,0,0
iws,479.846918,2500,FALSE,,0,0
ixc,58.59190085,21,FALSE,30,0,0
ixi,574.6603571,,FALSE,30,0,0
ixj,602.9421046,,FALSE,,0,0
ixl,367.0668233,69000,FALSE,,0,0
iya,208.7109324,24700,FALSE,,0,0
iyo,182.558843,14000,FALSE,,0,0
iyx,1000.581778,10000,FALSE,,0,0
izh,15886.6809,120,FALSE,29,0,0
izi,2380.652018,,FALSE,34,0,0
izr,1297.496903,50000,FALSE,,0,0
jaa,13771.31736,800,FALSE,,0,0
jab,981.2185255,100000,FALSE,,0,0
jac,105.5553426,9500,FALSE,,0,0
jad,122.0747252,29500,FALSE,,0,0
jae,54.8788344,2080,FALSE,26,0,0
jaf,653.3420895,46300,FALSE,,0,0
jah,2275.955599,0,FALSE,30,0,0
jai,324.6051503,,FALSE,32,0,0
jaj,35.88686959,10,TRUE,,735060.6255,1645073.611
jak,7079.446367,,FALSE,,0,0
jal,79.17818656,1700,FALSE,,0,0
jam,12684.81724,,FALSE,,0,0
jao,16212.34808,120,FALSE,25,0,0
jaq,3757.169877,10000,FALSE,20,0,0
jar,4547.496839,,FALSE,33,0,0
jas,6.607173648,0,FALSE,,0,0
jat,159153.1006,,FALSE,,0,0
jau,546.2686613,350,FALSE,,0,0
jav,186704.1589,84300000,FALSE,32,0,0
jax,42653.42826,,FALSE,,0,0
jay,29.78264925,40,TRUE,,155.6229261,155.6229261
jaz,424.4324917,990,FALSE,,0,0
jbe,1355.006616,,FALSE,,0,0
jbj,2071.347774,1000,FALSE,,0,0
jbn,7050.657206,210000,FALSE,,0,0
jbr,304.3496873,200,FALSE,,0,0
jbt,283.831351,1,FALSE,,0,0
jbu,4583.845778,2440,FALSE,26,0,0
jda,6894.720962,300,FALSE,,0,0
jdg,2811.392292,100000,FALSE,,0,0
jdt,638.7757298,96010,FALSE,26,0,0
jeb,816.9314189,2500,FALSE,,0,0
jee,136.745531,1760,FALSE,,0,0
jeg,2103.88413,,FALSE,,0,0
jeh,3393.573104,25800,FALSE,27,0,0
jei,3881.001158,2390,FALSE,,0,0
jek,6576.135131,1500,FALSE,,0,0
jel,739.7965525,400,FALSE,20,0,0
jen,241.5867671,20100,FALSE,,0,0
jer,987.0793402,23000,FALSE,,0,0
jet,682.0458166,900,FALSE,20,0,0
jeu,741.8740775,1500,FALSE,,0,0
jgb,8716.912277,0,FALSE,,0,0
jgo,117.126548,63000,FALSE,,0,0
jhi,3979.815019,1000,FALSE,29,0,0
jhs,19502.4031,,FALSE,,0,0
jia,290.4077644,1500,FALSE,,0,0
jib,3866.084171,30000,FALSE,24,0,0
jic,340.9948278,350,FALSE,29,0,0
jid,127.6946461,6000,FALSE,,0,0
jie,68.8540394,100,FALSE,,0,0
jig,8852.327902,52,FALSE,25,0,0
jih,60018.11629,4100,FALSE,,0,0
jii,6504.088483,23000,FALSE,,0,0
jil,35.92082393,650,FALSE,,0,0
jim,128.5989352,3500,FALSE,,0,0
jio,543.4478511,52300,FALSE,,0,0
jiq,12760.87557,50000,FALSE,,0,0
jit,2039.092838,205000,FALSE,,0,0
jiu,180.0502244,10000,FALSE,,0,0
jiv,13906.72202,35000,FALSE,,0,0
jiy,138.2675839,1000,FALSE,,0,0
jko,1214.392177,1000,FALSE,,0,0
jku,87.84686626,500,FALSE,,0,0
jle,202.9581723,38000,FALSE,32,0,0
jma,283.634103,750,FALSE,,0,0
jmb,79.03819121,2000,FALSE,,0,0
jmc,1279.721479,300000,FALSE,,0,0
jmd,936.7150192,25000,TRUE,,334579.3029,334579.3029
jmi,105.1897332,1000,FALSE,,0,0
jml,1099.186184,850,FALSE,,0,0
jmn,526.7999343,6500,FALSE,,0,0
jmr,10.15523248,3000,FALSE,,0,0
jms,51.38364935,1000,FALSE,,0,0
jmx,649.2446126,20000,FALSE,,0,0
j,311.3490979,1990,FALSE,,0,0
jnd,0.750060543,5000,FALSE,,0,0
jng,10121.81709,50,FALSE,,0,0
jni,135.5354726,1150,FALSE,29,0,0
jnj,1450.408005,92200,FALSE,39,0,0
jnl,252.5484524,670,FALSE,,0,0
jns,2282.584617,100000,FALSE,,0,0
job,1149.487372,10000,FALSE,,0,0
jod,13414.30495,120000,FALSE,,0,0
jor,26304.89236,0,FALSE,,0,0
jow,58.79994123,10000,FALSE,,0,0
jpn,368396.6726,121000000,FALSE,24,0,0
jqr,687.1727392,740,FALSE,39,0,0
jra,11700.86534,262800,FALSE,,0,0
jrr,245.863524,3420,FALSE,,0,0
jrt,113.6700483,,FALSE,,0,0
jru,1103.332664,170,FALSE,,0,0
jsl,3892.726189,,FALSE,,0,0
jua,1421.358764,7,FALSE,,0,0
jub,655.2913924,4000,FALSE,,0,0
juc,35335.79402,,FALSE,,0,0
jud,8778.07557,80000,FALSE,,0,0
juh,1886.115087,7000,FALSE,,0,0
juk,3831.710761,100000,FALSE,29,0,0
jul,153.0955883,4830,FALSE,37,0,0
jum,2470.052823,25000,FALSE,,0,0
jun,1192.155801,23700,FALSE,27,0,0
juo,579.6764029,2000,FALSE,,0,0
jup,182.4300965,1240,FALSE,25,0,0
jur,1043.48445,280,FALSE,,0,0
jus,10.49859976,,FALSE,,0,0
jut,8034.149981,,FALSE,,0,0
juu,57.42784539,900,FALSE,,0,0
juw,82.39285666,1610,FALSE,,0,0
juy,117.0976355,801000,FALSE,,0,0
jvd,35791.60776,0,FALSE,,0,0
jvn,2395.218255,0,FALSE,,0,0
jwi,1465.684668,18000,FALSE,,0,0
jya,10807.04523,,FALSE,,0,0
jyy,1489.032128,2200,FALSE,,0,0
kaa,17426.06946,407000,FALSE,31,0,0
kab,19651.62324,5000000,FALSE,33,0,0
kac,53992.39794,940000,FALSE,,0,0
kad,1630.142171,300000,FALSE,,0,0
kae,1370.351259,0,FALSE,,0,0
kaf,4466.947404,4000,FALSE,,0,0
kag,53.52610001,500,FALSE,,0,0
kah,6759.445392,4800,FALSE,,0,0
kai,2250.050492,150000,FALSE,,0,0
kaj,1123.191019,300000,FALSE,,0,0
kak,840.6702478,15000,FALSE,,0,0
kal,4069.830477,50000,FALSE,19,0,0
kam,36429.3519,3893000,FALSE,34,0,0
kan,140832.5416,37700000,FALSE,37,0,0
kao,12705.1328,700000,FALSE,,0,0
kap,127.1864308,6800,FALSE,42,0,0
kaq,813.2983719,50,FALSE,20,0,0
kas,18693.15217,5465000,FALSE,39,0,0
kat,48729.55048,4016300,FALSE,34,0,0
kav,329.2774096,,FALSE,,0,0
kax,32.05114839,400,FALSE,,0,0
kay,614.4580126,400,FALSE,,0,0
kaz,1836277.359,7351600,FALSE,30,0,0
kba,145582.9946,0,FALSE,,0,0
kbb,3883.7305,1986,FALSE,19,0,0
kbc,7173.264654,1590,FALSE,,0,0
kbd,6285.143438,1516000,FALSE,42,0,0
kbe,1228.657795,50,FALSE,,0,0
kbf,17576.04186,,FALSE,,0,0
kbg,12493.43784,1330,FALSE,,0,0
kbh,605.6586879,4000,FALSE,27,0,0
kbi,138.8558415,230,FALSE,,0,0
kbj,234.5812035,1000,FALSE,,0,0
kbk,1350.62901,1700,FALSE,18,0,0
kbl,19860.7063,461000,FALSE,,0,0
kbm,694.4500845,2100,FALSE,,0,0
kbn,11215.43129,97460,FALSE,,0,0
kbo,1007.168513,17500,FALSE,,0,0
kbp,24410.77331,730000,FALSE,31,0,0
kbq,810.588282,63200,FALSE,18,0,0
kbr,6221.2196,834000,FALSE,28,0,0
kbs,931.6628417,1000,FALSE,,0,0
kbt,284.2880751,4300,FALSE,18,0,0
kbu,1905.369146,1000,FALSE,,0,0
kbv,506.4766715,1690,FALSE,17,0,0
kbw,15.48367282,200,FALSE,,0,0
kbx,562.1207891,10000,FALSE,22,0,0
kby,56000.59647,480000,FALSE,,0,0
kbz,111.3047042,800,FALSE,,0,0
kca,120650.3491,9580,FALSE,23,0,0
kcb,1.835287595,12,FALSE,21,0,0
kcc,52.76785985,11400,FALSE,,0,0
kcd,1386.991976,150,FALSE,,0,0
kce,88.17558384,,FALSE,,0,0
kcf,162.6537229,18000,FALSE,,0,0
kcg,1672.531904,130000,FALSE,,0,0
kch,100.5060415,,FALSE,,0,0
kci,1660.007421,10000,FALSE,,0,0
kcj,112.4783424,690,FALSE,,0,0
kck,96337.36094,850000,FALSE,37,0,0
kcl,346.330244,2200,FALSE,20,0,0
kcm,10621.02388,13200,FALSE,45,0,0
kcn,20401.23797,41600,FALSE,,0,0
kco,20.59624691,305,FALSE,,0,0
kcp,9.189164338,8000,FALSE,,0,0
kcq,254.1119918,20000,FALSE,,0,0
kcr,347.1855291,14200,FALSE,31,0,0
kcs,179.439239,3000,FALSE,,0,0
kct,0.147469399,600,FALSE,,0,0
kcu,1256.334679,16400,FALSE,,0,0
kcv,11122.47672,8400,FALSE,,0,0
kcw,446.724602,8400,FALSE,,0,0
kcx,36.49670344,4070,FALSE,,0,0
kcy,22486.63736,3000,FALSE,,0,0
kcz,7348.274954,51000,FALSE,,0,0
kda,16925.22634,0,FALSE,,0,0
kdc,6434.66941,45000,FALSE,,0,0
kdd,116499.2519,560,FALSE,,0,0
kde,39385.99776,1340000,FALSE,,0,0
kdf,1639.661064,6000,FALSE,,0,0
kdg,2597.814503,167000,FALSE,,0,0
kdh,16128.57852,257000,FALSE,,0,0
kdi,1576.993234,174000,FALSE,,0,0
kdj,24804.3503,736000,FALSE,,0,0
kdk,915.4348658,2180,FALSE,33,0,0
kdl,2202.977535,100000,FALSE,,0,0
kdm,583.0724182,25400,FALSE,,0,0
kdn,12047.81806,157260,FALSE,,0,0
kdp,809.122242,12000,FALSE,,0,0
kdq,612.73688,36000,FALSE,21,0,0
kdr,88.27504488,50,FALSE,30,0,0
kdt,20840.99491,452800,FALSE,30,0,0
kdu,828.2839058,7000,FALSE,,0,0
kdv,2617.267246,,FALSE,33,0,0
kdw,127.7254403,1200,FALSE,,0,0
kdx,199.1780842,5000,FALSE,,0,0
kdy,76.66051365,370,FALSE,,0,0
kdz,311.619517,2980,FALSE,,0,0
kea,3995.682857,,TRUE,,570771.715,570771.715
keb,512.2310436,9230,FALSE,,0,0
kec,461.0991994,6070,FALSE,,0,0
ked,631.3854884,100000,FALSE,,0,0
kee,1076.164666,6680,FALSE,42,0,0
kef,423.4417911,4000,FALSE,,0,0
keg,134.4835919,1400,FALSE,,0,0
kei,1071.184387,85000,TRUE,,129975.7172,565159.2073
kej,250.9302455,1960,FALSE,,0,0
kek,30364.87744,811200,FALSE,29,0,0
kel,3012.004881,,FALSE,22,0,0
kem,870.6551079,72000,FALSE,23,0,0
ken,2263.988649,65000,FALSE,,0,0
keo,4340.308447,190000,FALSE,,0,0
kep,1235.600759,23700,FALSE,,0,0
keq,691.8068745,40000,FALSE,,0,0
ker,539.920661,50500,FALSE,,0,0
kes,250.291631,2000,FALSE,,0,0
ket,17781.50723,210,FALSE,29,0,0
keu,1019.42249,56400,FALSE,,0,0
kev,576.063349,19000,FALSE,,0,0
kew,821.5106681,45000,FALSE,20,0,0
kex,861.5895008,,FALSE,,0,0
key,21995.4873,6600,FALSE,25,0,0
kez,726.8243791,180000,FALSE,,0,0
kfa,3111.694357,200000,FALSE,32,0,0
kfb,3130.076803,122000,FALSE,26,0,0
kfc,936.9557733,20000,FALSE,30,0,0
kfd,394.367873,14000,FALSE,26,0,0
kfe,382.4056945,930,FALSE,29,0,0
kff,13363.32671,362000,FALSE,26,0,0
kfg,133.971563,2800,FALSE,,0,0
kfh,61.98572522,29400,FALSE,,0,0
kfi,4876.682025,,FALSE,29,0,0
kfj,926.2684264,,FALSE,,0,0
kfk,4784.537439,65100,FALSE,,0,0
kfl,23.43239055,1750,FALSE,,0,0
kfm,4189.47663,21100,FALSE,,0,0
kfn,119.3846419,3000,FALSE,,0,0
kfo,4210.29155,40000,FALSE,,0,0
kfp,2429.928318,34600,FALSE,,0,0
kfq,11289.30324,574000,FALSE,35,0,0
kfr,35875.36654,873000,FALSE,,0,0
kfs,1148.25025,295000,FALSE,,0,0
kft,1058.871559,91200,FALSE,,0,0
kfu,354.7909995,12000,FALSE,,0,0
kfv,3209.08806,3000,FALSE,,0,0
kfw,239.343903,1400,FALSE,,0,0
kfx,6012.28395,109000,FALSE,,0,0
kfy,13798.24462,2360000,FALSE,29,0,0
kfz,5334.317075,202000,FALSE,,0,0
kga,5474.963345,60000,FALSE,,0,0
kgb,212.6913392,600,TRUE,,46218.1871,1194175.115
kgc,1444.25919,,FALSE,,0,0
kgd,4181.786347,,FALSE,,0,0
kge,1278.680057,470000,FALSE,,0,0
kgf,279.7844588,7500,FALSE,24,0,0
kgg,3248.925696,10,FALSE,30,0,0
kgh,105.6618815,,FALSE,,0,0
kgi,7738.541761,,FALSE,,0,0
kgj,294.6146828,13100,FALSE,,0,0
kgk,40699.58444,18000,FALSE,28,0,0
kgl,118617.7655,0,FALSE,,0,0
kgm,12360.71283,,FALSE,,0,0
kgn,12463.65195,17600,FALSE,,0,0
kgo,533.9221797,21700,FALSE,,0,0
kgp,93211.89822,18000,FALSE,23,0,0
kgq,11059.95232,8000,FALSE,13,0,0
kgr,5353.422634,3000,FALSE,,0,0
kgs,844.3863287,42,FALSE,17,0,0
kgt,2.506885471,15,FALSE,,0,0
kgu,70.56022112,720,FALSE,,0,0
kgv,47.3808965,240,TRUE,21,8174.258481,846802.8118
kgw,999.2440465,,FALSE,,0,0
kgx,27.33290988,3500,TRUE,,5792.67205,979283.6379
kgy,1023.337714,600,FALSE,,0,0
kha,11979.81666,843000,FALSE,27,0,0
khb,24422.02492,550960,FALSE,,0,0
khc,245.6497297,120000,TRUE,,117774.482,954878.0938
khd,159.2513281,10,FALSE,,0,0
khe,1547.496521,3500,FALSE,,0,0
khf,297.4012602,8000,FALSE,,0,0
khg,633519.981,1380300,FALSE,49,0,0
khh,1503.704702,200,FALSE,,0,0
khj,112.5786425,10500,FALSE,,0,0
khk,1072783.601,2358830,FALSE,27,0,0
khl,47.56638255,2000,FALSE,23,0,0
khm,141915.4999,13970400,FALSE,27,0,0
khn,3345.128044,21900,FALSE,,0,0
khp,665.1627596,200,FALSE,,0,0
khq,13967.10823,200000,FALSE,27,0,0
khr,4033.516431,241580,FALSE,37,0,0
khs,1410.503102,600,FALSE,,0,0
kht,6754.328743,13000,FALSE,21,0,0
khu,16479.72178,150000,FALSE,27,0,0
khv,87.36959708,1740,FALSE,47,0,0
khw,6278.962739,223000,FALSE,,0,0
khx,2613.754852,3500,FALSE,,0,0
khy,13870.75368,160000,FALSE,,0,0
khz,458.1013254,19400,FALSE,17,0,0
kia,659.0525301,15400,FALSE,,0,0
kib,2237.05738,44300,FALSE,23,0,0
kic,3776.891667,510,FALSE,16,0,0
kid,10.83630731,1000,FALSE,,0,0
kie,15000.59792,18500,FALSE,,0,0
kif,342.6504077,7500,FALSE,,0,0
kig,8996.691637,3000,FALSE,23,0,0
kih,643.0667768,1970,FALSE,,0,0
kii,59519.26322,2000,FALSE,14,0,0
kij,341.9181777,20000,TRUE,,121782.0234,861387.9198
kik,22484.46819,6623000,FALSE,27,0,0
kil,123.7862198,2000,FALSE,,0,0
kim,2225.508071,93,FALSE,36,0,0
kin,28444.73073,7189000,FALSE,32,0,0
kio,149.9453323,400,FALSE,31,0,0
kip,245.0393927,20000,FALSE,,0,0
kiq,1394.850438,250,FALSE,,0,0
kir,254905.7628,2675890,FALSE,30,0,0
kis,39.47295818,220,FALSE,,0,0
kit,2748.908277,2440,FALSE,27,0,0
kiu,29577.71144,140000,FALSE,,0,0
kiv,16860.456,78000,FALSE,,0,0
kiw,1524.734103,6000,FALSE,21,0,0
kix,353.678853,47800,FALSE,,0,0
kiy,1566.876237,250,FALSE,,0,0
kiz,460.5900193,10200,FALSE,,0,0
kja,43.68581346,300,FALSE,,0,0
kjb,764.9053623,77700,FALSE,,0,0
kjc,500.606668,125000,FALSE,,0,0
kjd,1660.301156,9700,FALSE,18,0,0
kje,51.90769496,20000,TRUE,,25806.75979,602090.7442
kjf,4958.464776,,FALSE,26,0,0
kjg,51949.45465,703500,FALSE,32,0,0
kjh,43122.76845,42610,FALSE,28,0,0
kji,1424.979897,3360,TRUE,23,698495.3775,1626592.241
kjj,22.94543143,1000,FALSE,51,0,0
kjk,1470.083352,150000,FALSE,,0,0
kjl,1912.632924,24500,FALSE,,0,0
kjm,1121.061231,13800,FALSE,,0,0
kjn,5527.838021,20,FALSE,27,0,0
kjo,1863.43125,6330,FALSE,,0,0
kjp,16393.24586,1050000,FALSE,31,0,0
kjq,2022.850699,3990,FALSE,45,0,0
kjr,21.07462862,2180,TRUE,,0,0
kjs,687.4100311,45000,FALSE,21,0,0
kjt,222.5649326,6000,FALSE,,0,0
kjx,493.4045967,1000,TRUE,,265963.7203,1421666.378
kjy,661.5549062,10000,FALSE,21,0,0
kjz,3716.266255,20000,FALSE,,0,0
kka,660.8779821,20000,FALSE,,0,0
kkb,409.1366664,15,FALSE,,0,0
kkc,2718.059597,490,FALSE,19,0,0
kkd,96.3741175,500,FALSE,,0,0
kke,1038.284894,10000,FALSE,,0,0
kkf,141.313482,8000,FALSE,,0,0
kkg,485.0275534,0,FALSE,,0,0
kkh,5207.751293,106880,FALSE,30,0,0
kki,7563.131798,241000,FALSE,,0,0
kkj,5745.241365,119460,FALSE,,0,0
kkk,708.2131449,530,TRUE,,735060.6255,1645073.611
kkl,519.4474926,2300,FALSE,,0,0
kkm,71.39768886,100,FALSE,,0,0
kkn,89.9582748,,FALSE,,0,0
kko,1468.622363,13000,FALSE,,0,0
kkp,406.3850826,100,FALSE,,0,0
kkq,2583.492884,13000,FALSE,,0,0
kkr,143.5600249,3050,FALSE,,0,0
kks,381.8136589,14000,FALSE,,0,0
kkt,84.04306426,1270,FALSE,,0,0
kku,94.03436292,,FALSE,,0,0
kkv,508.4849246,110000,TRUE,,126451.9256,1276686.215
kkw,2434.287763,38800,FALSE,24,0,0
kkx,3643.952966,8000,FALSE,,0,0
kky,5705.349201,780,FALSE,20,0,0
kkz,1068.162835,300,FALSE,,0,0
kla,147.1176966,,FALSE,38,0,0
klb,545.1960548,10,FALSE,29,0,0
klc,441.1844512,2500,FALSE,,0,0
kld,85041.47648,35,FALSE,21,0,0
kle,1083.270789,33200,FALSE,,0,0
klf,363.1880235,1860,FALSE,,0,0
klg,2013.254178,83000,FALSE,22,0,0
klh,39.83349932,200,FALSE,,0,0
kli,2746.023795,20000,FALSE,,0,0
klj,495.0212598,42100,FALSE,,0,0
klk,83.4851439,5520,FALSE,,0,0
kll,38.23840174,6000,FALSE,,0,0
klm,42.33660641,470,FALSE,,0,0
klo,186.2933786,200,FALSE,,0,0
klp,1.835287595,7,FALSE,19,0,0
klq,2087.620867,1000,FALSE,22,0,0
klr,333.707009,14500,FALSE,34,0,0
kls,235.1233045,5000,FALSE,,0,0
klt,246.1175938,1000,FALSE,,0,0
klu,8099.337479,222620,FALSE,30,0,0
klv,0.677856306,1100,TRUE,24,544459.4362,1827072.945
klw,153.0851808,2400,FALSE,,0,0
klx,84.46614501,900,TRUE,,41205.87846,808868.4521
kly,53.20373189,500,TRUE,,108059.2827,911857.5772
klz,109.71633,3900,TRUE,,31987.46765,625460.0625
kma,390.0129634,3800,FALSE,,0,0
kmb,148062.1917,4000000,FALSE,25,0,0
kmc,8422.257832,1000000,FALSE,,0,0
kmd,39.1601501,1500,FALSE,,0,0
kme,272.6235286,300,FALSE,,0,0
kmf,142.5692761,380,FALSE,,0,0
kmg,311.2688422,20000,FALSE,27,0,0
kmh,722.727914,15000,FALSE,23,0,0
kmi,212.0741869,5000,FALSE,,0,0
kmj,3472.092779,12500,FALSE,,0,0
kmk,922.7698569,12700,FALSE,21,0,0
kml,377.4226367,11200,FALSE,,0,0
kmm,331.4944595,14700,FALSE,,0,0
kmn,158.1918092,510,FALSE,,0,0
kmo,485.9272801,3000,FALSE,27,0,0
kmp,197.4159077,3000,FALSE,,0,0
kmq,1769.550332,15000,FALSE,,0,0
kmr,223826.3459,19288000,FALSE,27,0,0
kms,389.6112071,960,FALSE,,0,0
kmt,319.9700856,2500,FALSE,,0,0
kmu,55.36420915,8000,FALSE,18,0,0
kmv,1581.412022,,FALSE,,0,0
kmw,49238.62131,400000,FALSE,,0,0
kmx,688.9358217,2750,FALSE,,0,0
kmy,417.196522,35000,FALSE,,0,0
kmz,45833.95506,400000,FALSE,,0,0
k,1334.332506,20000,FALSE,29,0,0
knb,348.231505,30000,FALSE,18,0,0
knc,149055.5882,3240500,FALSE,33,0,0
knd,1122.056538,500,FALSE,,0,0
kne,2008.816773,150000,FALSE,,0,0
knf,2579.321831,73400,FALSE,28,0,0
kng,82440.35691,5016500,FALSE,,0,0
kni,19.46757942,10400,FALSE,,0,0
knj,370.4246582,56840,FALSE,30,0,0
knk,21181.70103,323200,FALSE,,0,0
knl,21011.581,32000,FALSE,,0,0
knm,17612.24425,1330,FALSE,19,0,0
knn,6202.148524,2420000,FALSE,46,0,0
kno,5756.577316,205000,FALSE,,0,0
knp,456.1589302,10000,FALSE,,0,0
knq,178.7902567,111,FALSE,27,0,0
knr,46.31005698,300,FALSE,,0,0
kns,2681.548044,300,FALSE,28,0,0
knt,948.8091483,700,FALSE,,0,0
knu,3035.16616,90000,FALSE,,0,0
knv,745.8786564,3000,FALSE,18,0,0
knw,18626.91568,1760,FALSE,100,0,0
knx,20345.29506,331700,FALSE,,0,0
kny,10972.27866,200000,FALSE,,0,0
knz,915.757601,12070,FALSE,,0,0
koa,695.5835554,800,TRUE,,30019.16703,1261134.28
koc,1528.617352,0,FALSE,,0,0
kod,563.5485496,20000,TRUE,,45804.71934,694108.798
koe,1979.309583,9120,FALSE,,0,0
kof,1017.846787,1500,FALSE,,0,0
kog,1789.575618,9910,FALSE,,0,0
koh,4447.137901,1000,FALSE,,0,0
koi,15676.81001,63100,FALSE,,0,0
koj,5229.490227,,FALSE,,0,0
kol,1637.247966,4000,FALSE,,0,0
koo,2646.763901,609000,FALSE,32,0,0
kop,256.0315924,780,FALSE,,0,0
koq,26571.47534,43460,FALSE,,0,0
kor,423787.0571,74452400,FALSE,31,0,0
kos,101.502879,8000,TRUE,26,1582263.828,2868113.357
kot,3908.348566,10000,FALSE,,0,0
kou,1170.91063,600,FALSE,,0,0
kov,242.2602795,42,FALSE,,0,0
kow,85.9944253,5000,FALSE,,0,0
kox,8863.540358,,FALSE,,0,0
koy,44187.98447,300,FALSE,36,0,0
koz,57.64127616,510,FALSE,,0,0
kpa,282.6338589,3000,FALSE,,0,0
kpb,284.9118031,26000,FALSE,,0,0
kpc,68108.1516,11880,FALSE,,0,0
kpd,24.44017298,870,TRUE,,125370.4301,509138.4508
kpf,444.2459917,15000,FALSE,24,0,0
kph,175.2820541,1600,FALSE,,0,0
kpi,794.9283711,100,FALSE,,0,0
kpj,6329.147683,2670,FALSE,,0,0
kpk,191.4793475,11400,FALSE,35,0,0
kpl,2617.206904,3000,FALSE,,0,0
kpm,10196.64241,166000,FALSE,39,0,0
kpn,6702.661105,0,FALSE,,0,0
kpo,2749.232047,162500,FALSE,,0,0
kpp,351.9806672,,FALSE,37,0,0
kpq,890.5317251,8000,FALSE,,0,0
kpr,157.0900432,3630,FALSE,21,0,0
kps,1911.749081,10000,FALSE,,0,0
kpt,403.113801,260,FALSE,41,0,0
kpu,22.36586019,1000,TRUE,,31987.46765,625460.0625
kpv,195689.4428,156000,FALSE,27,0,0
kpw,639.5919042,10000,FALSE,,0,0
kpx,4338.673007,4000,FALSE,16,0,0
kpy,48536.16518,1670,FALSE,22,0,0
kpz,1402.081596,181000,FALSE,,0,0
kqa,789.3500486,3290,FALSE,,0,0
kqb,285.20203,6000,TRUE,20,24287.97156,802190.6105
kqc,340.1916504,1500,FALSE,,0,0
kqd,13.76465761,800,FALSE,,0,0
kqe,1814.564603,70000,FALSE,22,0,0
kqf,289.596649,900,FALSE,,0,0
kqg,89.2790594,1300,FALSE,,0,0
kqi,587.7905808,2700,FALSE,18,0,0
kqj,163.6182582,2500,TRUE,,265963.7203,1421666.378
kqk,424.3120483,100000,FALSE,,0,0
kql,721.5839379,1250,FALSE,,0,0
kqm,2175.384975,8000,FALSE,,0,0
kqn,70225.0914,242000,FALSE,,0,0
kqo,3349.57094,73500,FALSE,,0,0
kqp,567.3560746,20000,FALSE,,0,0
kqq,1253.4537,10,FALSE,,0,0
kqr,553.0234501,0,FALSE,,0,0
kqs,8521.255779,327000,FALSE,,0,0
kqt,143.2549026,1000,FALSE,,0,0
kqu,129616.5588,,FALSE,,0,0
kqv,748.0621615,4970,FALSE,18,0,0
kqw,797.6918424,300,TRUE,,30019.16703,1261134.28
kqx,881.0758786,500,FALSE,,0,0
kqy,2053.903049,157000,FALSE,,0,0
kqz,25726.89955,10000,FALSE,44,0,0
kra,209.860567,12200,FALSE,,0,0
krb,9482.653343,,FALSE,,0,0
krc,13202.94842,305000,FALSE,32,0,0
krd,110.242891,15000,FALSE,,0,0
kre,2445.642938,375,FALSE,,0,0
krf,82.23958536,160,TRUE,,732863.9126,1943580.992
krh,1094.47486,40300,FALSE,,0,0
kri,490.9017401,,FALSE,,0,0
krj,4590.627077,378000,FALSE,,0,0
krk,254730.7511,8,FALSE,19,0,0
krl,95362.27475,35600,FALSE,36,0,0
krm,689.1939305,,FALSE,,0,0
krn,3336.13363,36400,FALSE,,0,0
krp,963.2577768,17640,FALSE,,0,0
krr,4784.967101,20700,FALSE,,0,0
krs,4792.065472,32000,FALSE,,0,0
krt,4853.019053,40000,FALSE,,0,0
kru,13653.15447,1800000,FALSE,42,0,0
krv,4061.029523,6220,FALSE,,0,0
krw,6379.952192,65400,FALSE,,0,0
krx,633.6197715,15000,FALSE,,0,0
kry,68.31065011,5000,FALSE,49,0,0
krz,233.6072,100,FALSE,,0,0
ksa,102.6290892,,FALSE,,0,0
ksb,5293.351214,664000,FALSE,,0,0
ksc,239.8165273,13000,FALSE,19,0,0
ksd,722.996067,61000,FALSE,21,0,0
kse,1084.188247,2400,FALSE,,0,0
ksf,484.6259561,60000,FALSE,38,0,0
ksg,382.9540985,2400,TRUE,,642282.6025,1486772.893
ksh,5470.153774,250000,FALSE,,0,0
ksi,113.0444149,420,FALSE,,0,0
ksj,256.7370878,1300,FALSE,20,0,0
ksk,63.53993003,,FALSE,,0,0
ksl,140.2818595,2580,FALSE,,0,0
ksm,185.0779228,3420,FALSE,,0,0
ksn,433.5551354,10000,FALSE,,0,0
kso,123.7909605,,FALSE,,0,0
ksp,7316.525088,83000,FALSE,,0,0
ksq,401.5851934,10000,FALSE,,0,0
ksr,98.40225473,2200,FALSE,23,0,0
kss,1714.130704,200000,FALSE,,0,0
kst,348.2815845,20000,FALSE,,0,0
ksu,2385.261451,50,FALSE,,0,0
ksv,13613.51479,26000,FALSE,,0,0
ksw,42658.86455,1480000,FALSE,29,0,0
ksx,219.0376561,30000,TRUE,,30106.39206,652213.8147
ksy,4989.342428,25000,FALSE,,0,0
ksz,147.4171846,15700,FALSE,,0,0
kta,358.777894,4000,FALSE,,0,0
ktb,1316.640283,615000,FALSE,30,0,0
ktc,101.3638353,2500,FALSE,,0,0
ktd,1299.589002,19,FALSE,21,0,0
kte,394.1513324,2000,FALSE,,0,0
ktf,1193.914345,400,FALSE,,0,0
ktg,73766.36193,0,FALSE,24,0,0
kth,2705.449999,10000,FALSE,,0,0
kti,1504.46559,8000,FALSE,15,0,0
ktj,1323.595073,100,FALSE,,0,0
ktm,78.63520379,3000,TRUE,,273605.7652,1037507.438
ktn,1690.276473,210,FALSE,,0,0
kto,417.6090609,2400,TRUE,,30019.16703,1261134.28
ktp,680.740088,185000,FALSE,,0,0
ktq,594.3039016,,FALSE,,0,0
ktr,59.43484624,,FALSE,,0,0
kts,2390.74712,4000,FALSE,15,0,0
ktt,183.1814452,900,FALSE,,0,0
ktu,297813.4909,4200000,FALSE,,0,0
ktv,4716.5472,50500,FALSE,32,0,0
ktw,4290.71969,92,FALSE,,0,0
ktx,5184.655255,270,FALSE,,0,0
kty,685.372979,5900,FALSE,,0,0
ktz,48748.35641,33600,FALSE,60,0,0
kua,87370.46836,668000,FALSE,,0,0
kub,1022.407855,46000,FALSE,25,0,0
kuc,62.62609766,500,FALSE,,0,0
kud,37.73921065,1200,TRUE,,14152.49401,802313.6031
kue,1021.752409,115000,FALSE,19,0,0
kuf,1757.201165,22800,FALSE,,0,0
kug,1314.854728,20000,FALSE,,0,0
kuh,107.8754021,11000,FALSE,,0,0
kui,771.4389557,1010,FALSE,,0,0
kuj,3499.71977,690000,FALSE,,0,0
kuk,78.1495904,6000,FALSE,,0,0
kul,2125.879224,15600,FALSE,,0,0
kum,3702.878323,426000,FALSE,31,0,0
kun,13724.6628,194430,FALSE,26,0,0
kuo,30.71509974,1050,FALSE,,0,0
kup,2803.994339,8200,FALSE,19,0,0
kuq,3694.930218,10,FALSE,,0,0
kus,3343.523054,438200,FALSE,33,0,0
kut,4173.602836,106,FALSE,23,0,0
kuu,12350.14026,40,FALSE,,0,0
kuv,39.67714068,3180,TRUE,,153967.9621,614803.9987
kuw,229.9141827,3830,FALSE,,0,0
kux,10557.53468,440,FALSE,,0,0
kuy,1607.262947,21,FALSE,19,0,0
kuz,181665.1544,2000,FALSE,,0,0
kva,556.1177572,1450,FALSE,44,0,0
kvb,1040.574799,,FALSE,,0,0
kvc,993.9299111,6750,FALSE,22,0,0
kvd,72.3293158,1900,TRUE,,31987.46765,625460.0625
kve,150.4484124,0,FALSE,,0,0
kvf,289.4193674,17900,FALSE,,0,0
kvg,3987.876868,4500,FALSE,24,0,0
kvh,427.674319,700,FALSE,,0,0
kvi,4567.782159,16800,FALSE,,0,0
kvj,1334.64679,52500,FALSE,,0,0
kvl,374.1357819,16600,FALSE,,0,0
kvm,191.1271553,1500,FALSE,,0,0
kvn,1923.263991,3500,FALSE,,0,0
kvo,367.1691607,5680,TRUE,,125370.4301,509138.4508
kvp,7.602222931,330,TRUE,,125370.4301,509138.4508
kvq,1271.716031,40000,FALSE,,0,0
kvr,3953.009718,,FALSE,,0,0
kvs,227.912941,,FALSE,,0,0
kvt,3397.648337,,FALSE,,0,0
kvu,427.8556595,7300,FALSE,,0,0
kvv,326.0445707,7400,TRUE,,125003.6598,509138.4508
kvw,128.7753243,3700,TRUE,,31987.46765,625460.0625
kvx,8297.866597,250000,FALSE,,0,0
kvy,892.6216415,1000,FALSE,,0,0
kvz,289.3833342,780,FALSE,,0,0
kwa,696.2714732,85,FALSE,,0,0
kwb,187.8412582,7000,FALSE,,0,0
kwc,3710.986304,45300,FALSE,,0,0
kwd,783.2801609,13200,TRUE,20,986843.4856,1788741.373
kwe,2714.395496,2500,FALSE,21,0,0
kwf,673.5546975,32400,TRUE,21,986843.4856,1788741.373
kwg,7462.599165,40000,FALSE,,0,0
kwh,238.5817117,600,FALSE,,0,0
kwi,4079.572029,13000,FALSE,24,0,0
kwj,629.496725,10000,FALSE,22,0,0
kwk,165.1045039,500,FALSE,41,0,0
kwl,1423.44089,110000,FALSE,30,0,0
kwm,4651.208013,32700,FALSE,,0,0
kwn,27524.58239,84000,FALSE,31,0,0
kwo,550.1338316,600,FALSE,,0,0
kwp,994.19209,840,FALSE,,0,0
kwq,4.515311254,,FALSE,,0,0
kwr,90.19636438,100,FALSE,,0,0
kws,5217.975717,60000,FALSE,,0,0
kwt,352.9503161,2000,FALSE,,0,0
kwu,1266.030289,10000,FALSE,,0,0
kwv,10091.15245,35000,FALSE,,0,0
kww,256.9639998,,FALSE,,0,0
kwx,2092.38168,34300,FALSE,,0,0
kwy,51528.29298,537000,FALSE,26,0,0
kwz,30263.65368,0,FALSE,,0,0
kxa,93.97626316,3200,FALSE,,0,0
kxb,456.2925625,9920,FALSE,,0,0
kxc,954.4936591,242000,FALSE,,0,0
kxd,5105.251825,,FALSE,,0,0
kxe,975.7869332,,FALSE,,0,0
kxf,296.5815608,10000,FALSE,,0,0
kxh,100.81644,1480,FALSE,,0,0
kxi,282.6375555,0,FALSE,,0,0
kxj,1643.658173,7110,FALSE,,0,0
kxk,222.0008361,9300,FALSE,,0,0
kxl,114.5570024,28600,FALSE,,0,0
kxm,16905.27331,1400000,FALSE,26,0,0
kxn,245.7000173,200,FALSE,,0,0
kxo,2689.344182,155,FALSE,18,0,0
kxp,1419.775231,579000,FALSE,,0,0
kxq,697.967702,80,FALSE,,0,0
kxr,49.88801167,400,TRUE,,273605.7652,1037507.438
kxs,12976.22082,1000,FALSE,,0,0
kxt,457.9100144,800,FALSE,,0,0
kxu,9692.753649,916000,FALSE,27,0,0
kxv,2278.056612,158000,FALSE,31,0,0
kxw,314.7965585,600,FALSE,,0,0
kxx,4154.685944,30200,FALSE,,0,0
kxy,352.576095,25000,FALSE,,0,0
kxz,1292.184046,1090,FALSE,,0,0
kya,640.7413971,115000,FALSE,,0,0
kyb,70.72111012,15000,FALSE,,0,0
kyc,705.6842282,15400,FALSE,,0,0
kyd,9.189659293,610,TRUE,,125370.4301,509138.4508
kye,647.8482778,58000,FALSE,,0,0
kyf,874.5417105,10100,FALSE,,0,0
kyg,220.6772876,12300,FALSE,,0,0
kyh,65.88831743,12,FALSE,21,0,0
kyi,564.1580532,2460,FALSE,,0,0
kyj,196.3182685,2000,FALSE,,0,0
kyk,721.9535787,363000,FALSE,,0,0
kyl,88.22328249,,FALSE,32,0,0
kym,109.0342867,,FALSE,,0,0
kyn,3469.301421,15100,FALSE,,0,0
kyo,141.6930958,5000,TRUE,,31987.46765,625460.0625
kyp,1353.160597,,FALSE,,0,0
kyq,3482.346073,40000,FALSE,27,0,0
kyr,857.9553433,3,FALSE,,0,0
kys,1692.258239,4150,FALSE,,0,0
kyt,1894.174935,10000,FALSE,16,0,0
kyu,8547.423467,150000,FALSE,,0,0
kyv,218.5934098,,FALSE,,0,0
kyw,2700.678272,37000,FALSE,,0,0
kyx,412.1636135,3500,TRUE,,265963.7203,1421666.378
kyy,26.96092423,140,FALSE,,0,0
kyz,7108.170422,1000,FALSE,,0,0
kza,295.02004,30200,FALSE,,0,0
kzb,141.599188,500,FALSE,,0,0
kzc,14260.96819,104000,FALSE,,0,0
kzd,187.8174534,350,TRUE,,134045.9782,1205050.76
kze,14.21865378,,FALSE,,0,0
kzf,2050.689973,55000,FALSE,,0,0
kzg,44.53224162,0,TRUE,,298203.321,721772.8537
kzh,8686.793131,,FALSE,29,0,0
kzi,5174.701137,4640,FALSE,,0,0
kzj,1278.442031,,FALSE,19,0,0
kzk,223.6926612,0,TRUE,,642282.6025,1486772.893
kzl,6.415364359,,TRUE,,67910.35908,979876.087
kzm,291.4809683,700,FALSE,,0,0
kzn,3767.392818,280000,FALSE,,0,0
kzo,171.6388065,6000,FALSE,,0,0
kzp,377.7454705,26600,FALSE,,0,0
kzq,69.20279063,50,FALSE,,0,0
kzr,2782.074334,18000,FALSE,,0,0
kzs,494.4993132,0,FALSE,,0,0
kzt,235.9562775,,FALSE,,0,0
kzv,319.7648639,300,FALSE,,0,0
kzw,10726.25546,,FALSE,,0,0
kzx,161.612479,,FALSE,,0,0
kzy,9305.542798,2000,FALSE,,0,0
kzz,1354.826319,3290,FALSE,,0,0
laa,2338.639332,25000,FALSE,,0,0
lac,281.5959643,560,FALSE,,0,0
lad,26.42260238,10000,FALSE,28,0,0
lae,448.0554137,11000,FALSE,,0,0
laf,234.6919067,600,FALSE,29,0,0
lag,5800.768556,410000,FALSE,,0,0
lai,2264.03809,102000,FALSE,,0,0
laj,14030.75221,1490000,FALSE,,0,0
lak,127.0302902,5000,FALSE,,0,0
lal,8329.859836,,FALSE,,0,0
lam,95914.77098,201000,FALSE,,0,0
lan,120.5428243,5000,FALSE,,0,0
lao,44041.21883,3091600,FALSE,31,0,0
lap,7977.156477,57150,FALSE,,0,0
laq,368.6486928,708,FALSE,,0,0
lar,75.14229962,74000,FALSE,,0,0
las,20607.41832,177000,FALSE,26,0,0
lat,5348.11239,0,FALSE,24,0,0
lau,86.87076112,,FALSE,,0,0
lav,62985.78928,,FALSE,32,0,0
law,1894.594309,44000,FALSE,,0,0
lax,532.823783,27100,FALSE,,0,0
lay,109.6118889,,FALSE,,0,0
laz,180.2282855,0,FALSE,,0,0
lba,77.41457361,,FALSE,,0,0
lbb,49.32464249,140,TRUE,,30019.16703,1261134.28
lbc,489.1440358,9000,FALSE,36,0,0
lbe,4654.839774,146000,FALSE,42,0,0
lbf,3300.673936,23050,FALSE,,0,0
lbi,965.9710167,,FALSE,,0,0
lbj,15526.80042,105000,FALSE,,0,0
lbm,11785.73431,25000,FALSE,,0,0
lbn,2655.898312,19900,FALSE,,0,0
lbo,2830.185719,28100,FALSE,49,0,0
lbq,1216.781493,5150,FALSE,,0,0
lbr,371.8298643,3720,FALSE,,0,0
lbt,743.8315611,5200,FALSE,,0,0
lbu,53.06341098,0,FALSE,,0,0
lbv,362.1226246,1310,TRUE,,30019.16703,1261134.28
lbw,11224.40189,331000,FALSE,,0,0
lbx,16861.31616,100000,FALSE,20,0,0
lby,5599.33835,19,FALSE,28,0,0
lbz,1041.066769,54,TRUE,26,9231.629851,9231.629851
lcc,431.3606582,250,TRUE,,46218.1871,1194175.115
lcd,14.33279635,900,TRUE,,197127.7188,572339.692
lce,2203.57453,,FALSE,,0,0
lcf,301.2586886,,FALSE,,0,0
lch,57172.68842,429600,FALSE,,0,0
lcl,901.3795751,11900,TRUE,,67910.35908,979876.087
lcm,1217.67636,12000,TRUE,,208066.7526,1190890.766
lcp,280.2846289,8000,FALSE,47,0,0
lcq,72.80291262,6500,FALSE,,0,0
lcs,88.35855575,1830,FALSE,,0,0
ldb,263.9170883,78000,FALSE,,0,0
ldd,2.050640193,,FALSE,,0,0
ldg,205.6272345,13000,FALSE,,0,0
ldh,512.5313327,3420,FALSE,,0,0
ldi,13347.8508,90600,FALSE,,0,0
ldj,97.97429859,10000,FALSE,31,0,0
ldk,146.4984971,5000,FALSE,,0,0
ldl,237.3501161,10000,FALSE,,0,0
ldm,2963.555197,14400,FALSE,,0,0
ldo,96.1789965,8000,FALSE,,0,0
ldp,293.2375218,16000,FALSE,,0,0
ldq,1985.099111,6400,FALSE,,0,0
lea,44681.98304,400000,FALSE,,0,0
leb,74955.01402,353000,FALSE,24,0,0
lec,408.4416065,20,FALSE,,0,0
led,4406.931666,761100,FALSE,41,0,0
lee,3322.153393,130000,FALSE,38,0,0
lef,567.8514667,48900,FALSE,29,0,0
leg,24817.68134,,FALSE,,0,0
leh,37923.13183,128000,FALSE,,0,0
lei,2.628774003,270,FALSE,,0,0
lej,17993.17142,100000,FALSE,,0,0
lek,1.905296014,650,TRUE,,341611.4591,1099397.138
lel,13063.79337,26000,FALSE,,0,0
lem,439.1336419,6000,FALSE,,0,0
len,19019.74345,,FALSE,20,0,0
leo,369.9672647,,FALSE,,0,0
lep,1835.361454,60100,FALSE,35,0,0
leq,410.4185779,1760,FALSE,,0,0
ler,10.32231626,250,TRUE,,343582.4885,1086808.535
les,25967.78019,50000,FALSE,,0,0
let,2.2448123,2000,FALSE,,0,0
leu,209.799419,5000,TRUE,,30019.16703,1261134.28
lev,331.1653575,10000,TRUE,,76456.17911,632259.6534
lew,4919.601386,350000,FALSE,,0,0
lex,655.9162598,18000,TRUE,17,59129.09673,415634.5992
ley,93.06500036,2000,FALSE,,0,0
lez,6911.7283,766000,FALSE,45,0,0
lfa,1928.401235,10000,FALSE,,0,0
lga,50.48606627,2770,TRUE,,561889.4486,1435354.27
lgb,113.1402729,3,TRUE,,735060.6255,1645073.611
lgg,5017.331271,1637000,FALSE,41,0,0
lgh,65.73544477,300,FALSE,,0,0
lgi,244.7679629,3,FALSE,,0,0
lgk,51.78088462,1250,TRUE,,518849.5524,1792338.995
lgl,64.95411365,6980,TRUE,,986843.4856,1788741.373
lgm,10349.70848,44900,FALSE,,0,0
lgn,1228.687701,1750,FALSE,,0,0
lgq,34.30632128,7500,FALSE,,0,0
lgr,786.8952979,13800,TRUE,20,931865.4446,1656238.332
lgt,143.255821,840,FALSE,,0,0
lgu,286.2274983,1890,TRUE,20,931865.4446,1656238.332
lgz,2016.271525,43000,FALSE,,0,0
lha,287.2107572,5690,FALSE,,0,0
lhh,9.28386651,3890,TRUE,,9389.770241,918970.446
lhi,1308.118913,192000,FALSE,,0,0
lhl,95.9108784,750,FALSE,,0,0
lhm,1346.593724,3130,FALSE,32,0,0
lhn,63.31886943,350,FALSE,,0,0
lhp,38.91736839,2500,FALSE,,0,0
lhs,2221.459993,0,FALSE,,0,0
lht,54.9090173,650,TRUE,26,789848.5048,1951880.29
lhu,21314.80106,530350,FALSE,33,0,0
lia,1983.685005,335000,FALSE,,0,0
lib,0.090400816,80,TRUE,,273605.7652,1037507.438
lic,14842.70189,667000,FALSE,,0,0
lid,337.6439141,4200,TRUE,,273605.7652,1037507.438
lie,1055.697877,8400,FALSE,,0,0
lif,5408.632358,381300,FALSE,34,0,0
lig,438.6049775,19000,FALSE,,0,0
lih,211.7982667,12600,TRUE,,112787.1141,1383052.26
lii,17.31711332,,FALSE,,0,0
lij,5924.514864,500000,FALSE,,0,0
lik,1456.677431,60000,FALSE,,0,0
lil,159.3998823,310,FALSE,,0,0
lim,37527.18106,1300000,FALSE,,0,0
lin,559894.335,2130600,FALSE,23,0,0
lio,13.89337576,11,TRUE,,17400.73297,1079699.097
lip,55.20437444,23400,FALSE,,0,0
liq,585.5090275,64400,FALSE,,0,0
lir,1469.444907,,FALSE,,0,0
lis,47116.14162,942700,FALSE,39,0,0
lit,64691.3164,2800000,FALSE,28,0,0
liu,173.6531144,2000,FALSE,,0,0
liv,1348.845393,1,FALSE,30,0,0
liw,2405.558624,,FALSE,,0,0
lix,40.51955423,75,TRUE,,5792.67205,979283.6379
liy,25651.76325,183000,FALSE,32,0,0
liz,4089.830464,10000,FALSE,,0,0
lje,1780.99938,10000,FALSE,,0,0
lji,34.61680204,800,TRUE,,16287.44679,1023091.378
ljl,1865.114235,105000,FALSE,,0,0
ljp,7290.383729,827000,FALSE,25,0,0
lka,249.5462714,3250,FALSE,,0,0
lkb,363.8051021,253000,FALSE,,0,0
lkc,160.693036,46870,FALSE,,0,0
lkd,589.6523941,1,FALSE,,0,0
lke,949.9527073,62000,FALSE,,0,0
lkh,379.7013805,8000,FALSE,,0,0
lki,9586.552113,1000000,FALSE,,0,0
lkj,167.2673925,3500,FALSE,,0,0
lkl,32.97837578,720,FALSE,,0,0
lkn,91.16157679,700,TRUE,24,732863.9126,1943580.992
lko,451.2302955,125000,FALSE,,0,0
lkr,253.5989412,28000,FALSE,,0,0
lks,57.16360559,137000,FALSE,,0,0
lkt,22703.93357,6190,FALSE,34,0,0
lky,1353.999919,12400,FALSE,,0,0
lla,313.5598978,46000,FALSE,,0,0
llb,9866.933403,162000,FALSE,,0,0
llc,269.1563757,23000,FALSE,,0,0
lld,211.5215627,31000,FALSE,,0,0
lle,123.0935907,1300,TRUE,,273605.7652,1037507.438
llg,112.9824038,20000,TRUE,,12375.14645,457685.6907
llh,4584.71113,120,FALSE,,0,0
lli,1231.778227,2100,FALSE,,0,0
llk,1851.324648,0,FALSE,,0,0
lll,63.28612123,450,FALSE,,0,0
llm,64.2114095,1700,TRUE,,5792.67205,979283.6379
lln,641.4653823,26000,FALSE,,0,0
llo,198.6584641,,FALSE,,0,0
llp,241.8208633,9500,TRUE,17,456684.0896,1785473.587
llq,392.9963811,3000,FALSE,,0,0
llu,209.6584004,16900,TRUE,21,974251.0722,1788741.373
llx,263.4191208,16000,TRUE,,1483063.312,2918329.782
lma,3652.268271,4600,FALSE,,0,0
lmb,73.61363298,400,TRUE,,569961.3384,1795687.399
lmc,3360.770576,0,FALSE,,0,0
lmd,10.45171662,30000,FALSE,,0,0
lme,4930.93877,35720,FALSE,,0,0
lmf,115.4333819,7000,TRUE,,30106.39206,652213.8147
lmg,1440.336,3650,FALSE,,0,0
lmh,32.89439754,,FALSE,,0,0
lmi,10316.94315,12000,FALSE,,0,0
lmj,176.3469266,8000,TRUE,,30106.39206,652213.8147
lmk,2841.57064,10000,FALSE,,0,0
lml,80.59553447,6500,TRUE,22,615633.4504,1894289.56
lmm,245.2388317,,FALSE,,0,0
lmn,50702.11984,4150000,FALSE,38,0,0
lmo,27640.50769,3903000,FALSE,,0,0
lmp,1086.502526,73000,FALSE,,0,0
lmq,58.80930865,4000,TRUE,,30106.39206,652213.8147
lmr,21.99605845,4000,TRUE,,30106.39206,652213.8147
lmu,21.77102674,850,TRUE,,538955.1039,1840918.207
lmv,371.6686269,1630,TRUE,,1320476.644,2782655.65
lmw,68.5205984,1,FALSE,36,0,0
lmx,213.5782017,5000,FALSE,,0,0
lmy,165.6868855,25000,TRUE,,45804.71934,694108.798
lmz,75010.97044,,FALSE,,0,0
l,8811.923369,43000,FALSE,,0,0
lnd,4451.139012,47500,FALSE,,0,0
lnh,1608.433901,0,FALSE,31,0,0
lni,26.37953067,600,TRUE,,265963.7203,1421666.378
lnj,10354.15449,0,FALSE,23,0,0
lnl,8077.800349,150000,FALSE,,0,0
lnm,31.38182973,420,FALSE,,0,0
lnn,72.36620369,340,TRUE,,569961.3384,1795687.399
lno,2629.971124,38000,FALSE,,0,0
lns,1722.284129,240000,FALSE,29,0,0
lnu,267.1697685,32000,FALSE,29,0,0
lnz,3064.501814,,FALSE,,0,0
loa,573.3012659,15000,FALSE,,0,0
lob,10113.18595,442000,FALSE,41,0,0
loc,514.6358081,85800,TRUE,,10207.31025,1124520.3
loe,5505.89683,76000,FALSE,,0,0
lof,7.049223346,2600,FALSE,32,0,0
log,8956.63974,210000,FALSE,,0,0
loh,1960.229766,3620,FALSE,,0,0
loi,4578.973501,8010,FALSE,,0,0
loj,28.62171908,1000,TRUE,,307178.7825,1057360.748
lok,1697.741052,138000,FALSE,34,0,0
lol,225370.8665,400000,FALSE,26,0,0
lom,4667.798234,195000,FALSE,28,0,0
lon,7919.45219,850000,FALSE,,0,0
loo,4059.688294,10000,FALSE,,0,0
lop,376.8742086,5000,FALSE,,0,0
loq,5653.543363,60000,FALSE,,0,0
lor,1229.960929,8100,FALSE,,0,0
los,7.143125896,460,TRUE,,273605.7652,1037507.438
lot,6933.229235,135000,FALSE,28,0,0
lou,1946.131378,,FALSE,,0,0
low,219.8916173,0,FALSE,,0,0
lox,23.33992192,,FALSE,,0,0
loy,1872.888062,3030,FALSE,,0,0
loz,41356.31965,696000,FALSE,21,0,0
lpa,4.243121237,400,TRUE,,469374.8728,1795837.168
lpe,1016.391398,530,FALSE,,0,0
lpn,1272.24845,1000,FALSE,,0,0
lpo,889.8403732,250000,FALSE,,0,0
lpx,1099.229404,50000,FALSE,,0,0
lra,1913.567838,23300,FALSE,,0,0
lrc,22475.01385,1500000,FALSE,,0,0
lrg,633.6813476,23,FALSE,,0,0
lri,287.381839,155000,FALSE,,0,0
lrk,3506.342892,,FALSE,,0,0
lrl,45198.80383,80000,FALSE,,0,0
lrm,175.0569425,152500,FALSE,,0,0
lrn,9.485453178,220,TRUE,,125370.4301,509138.4508
lro,292.3497918,40000,FALSE,24,0,0
lrr,35.25748507,2500,FALSE,,0,0
lrt,17.36749141,,FALSE,,0,0
lrv,55.34277485,680,TRUE,,518849.5524,1792338.995
lsa,217.4665007,1000,FALSE,,0,0
lsd,146.3494785,7500,FALSE,,0,0
lse,2492.96295,42000,FALSE,,0,0
lsh,67.40817442,2340,FALSE,,0,0
lsi,1765.690139,31800,FALSE,,0,0
lsm,942.1934094,480000,FALSE,,0,0
lsr,45.72193251,700,FALSE,,0,0
lss,23.25501098,15000,FALSE,,0,0
lti,95.41632286,7500,TRUE,17,38307.32923,556496.4799
ltn,7913.34644,10,FALSE,,0,0
lto,129.7994526,122000,FALSE,,0,0
lts,377.4502354,253000,FALSE,,0,0
ltu,13.34379285,2130,FALSE,,0,0
ltz,3864.281596,336000,FALSE,,0,0
lua,54354.16464,6300000,FALSE,26,0,0
lub,152223.6492,1510000,FALSE,23,0,0
luc,1877.674985,300000,FALSE,,0,0
lud,6741.285472,3000,FALSE,,0,0
lue,106820.1647,635000,FALSE,31,0,0
luf,8.625243044,,FALSE,,0,0
lug,37647.15303,4130000,FALSE,29,0,0
lui,269.4702882,5,FALSE,29,0,0
luj,1907.426876,50000,FALSE,,0,0
luk,265.6847053,700,FALSE,,0,0
lul,1035.949633,15000,FALSE,,0,0
lum,26371.98355,43900,FALSE,27,0,0
lun,132492.0986,403000,FALSE,,0,0
luo,10218.14132,4184000,FALSE,30,0,0
lup,10863.36033,22720,FALSE,,0,0
lur,404.6004937,,TRUE,,45804.71934,694108.798
lus,17370.28953,687750,FALSE,38,0,0
lut,42.34392812,10,FALSE,38,0,0
luu,31.24615153,,FALSE,,0,0
luv,0.176618092,30000,FALSE,,0,0
luw,689.1237673,1,FALSE,,0,0
luz,23644.61777,875000,FALSE,,0,0
lva,35.32508601,56,FALSE,,0,0
lvk,176.6792166,1780,TRUE,,835310.2268,1599048.567
lvu,168.4598995,4000,TRUE,,30106.39206,652213.8147
lwa,3354.999281,21000,FALSE,,0,0
lwe,170.3039452,4000,TRUE,,30106.39206,652213.8147
lwg,479.5619345,309000,FALSE,,0,0
lwh,345.1849384,1600,FALSE,,0,0
lwl,199.1487579,7000,FALSE,,0,0
lwm,4936.509132,1600,FALSE,,0,0
lwo,5443.833546,80000,FALSE,,0,0
lwt,248.4765965,6000,FALSE,,0,0
lww,187.1897882,2200,TRUE,22,538955.1039,1840918.207
lya,415.9574262,1100,FALSE,,0,0
lyg,1277.547834,6000,FALSE,,0,0
lyn,9638.376392,2880,FALSE,23,0,0
lzl,43.61070122,15,TRUE,,518849.5524,1792338.995
lzn,1020.858199,7000,FALSE,,0,0
lzz,4949.053247,21000,FALSE,,0,0
maa,169.5195656,18900,FALSE,,0,0
mab,53.19204234,960,FALSE,,0,0
mad,30031.90231,6770000,FALSE,31,0,0
mae,122.4464935,2000,FALSE,,0,0
maf,1179.690299,140910,FALSE,,0,0
mag,25200.44656,14000000,FALSE,,0,0
mah,32.82186551,43900,TRUE,28,2055239.66,3283209.181
mai,21836.16017,33890000,FALSE,44,0,0
maj,193.9265961,17500,FALSE,27,0,0
mak,4619.187914,2130000,FALSE,,0,0
mal,33388.0687,33000000,FALSE,35,0,0
mam,2563.463076,537980,FALSE,31,0,0
maq,44.95234665,1500,FALSE,,0,0
mar,209474.9806,71700000,FALSE,52,0,0
mas,94078.50072,1297000,FALSE,30,0,0
mat,64.15268798,650,FALSE,,0,0
mau,518.9874272,74600,FALSE,20,0,0
mav,11707.28819,9160,FALSE,,0,0
maw,5548.710834,220000,FALSE,26,0,0
max,95.39104595,,FALSE,,0,0
maz,1987.647123,74000,FALSE,,0,0
mba,350.5542322,30000,FALSE,,0,0
mbb,1354.147353,15000,FALSE,23,0,0
mbc,15462.4737,18030,FALSE,17,0,0
mbd,1705.475551,10000,FALSE,20,0,0
mbe,7235.400702,0,FALSE,27,0,0
mbf,75.02427329,,FALSE,,0,0
mbh,1145.050623,2500,FALSE,,0,0
mbi,3218.116465,14600,FALSE,21,0,0
mbj,4159.902475,400,FALSE,,0,0
mbk,46.81042333,3330,FALSE,,0,0
mbl,3469.732658,1270,FALSE,16,0,0
mbm,4931.665075,24800,FALSE,,0,0
mbn,4746.863153,300,FALSE,,0,0
mbo,1357.417893,45000,FALSE,,0,0
mbp,864.9651924,1850,FALSE,,0,0
mbq,490.1507061,2610,FALSE,,0,0
mbr,1576.262066,700,FALSE,,0,0
mbs,1658.675567,58000,FALSE,20,0,0
mbt,1536.343418,50000,FALSE,19,0,0
mbu,936.30197,100000,FALSE,,0,0
mbv,300.1203199,5000,FALSE,,0,0
mbw,673.9100799,11000,FALSE,22,0,0
mbx,123.182822,80,FALSE,,0,0
mby,599.3121706,0,FALSE,,0,0
mbz,146.1979946,5630,FALSE,,0,0
mca,944.7022749,1500,FALSE,,0,0
mcb,24062.96005,5910,FALSE,18,0,0
mcc,514.0821884,860,FALSE,,0,0
mcd,6520.997281,453,FALSE,19,0,0
mce,381.9815882,850,FALSE,,0,0
mcf,4345.096286,2230,FALSE,18,0,0
mcg,1143.240426,12,FALSE,,0,0
mch,52919.78303,5950,FALSE,,0,0
mci,290.3649413,4000,FALSE,,0,0
mcj,66.59179949,100,FALSE,,0,0
mck,34870.61558,218000,FALSE,,0,0
mcl,3630.434024,450,FALSE,,0,0
mcm,13.46281929,,FALSE,,0,0
mcn,8968.102324,233000,FALSE,,0,0
mco,401.7987654,5000,FALSE,21,0,0
mcp,8352.297733,80000,FALSE,,0,0
mcq,851.2796418,10000,FALSE,18,0,0
mcr,674.8176714,20000,FALSE,20,0,0
mcs,316.3973692,10000,FALSE,,0,0
mct,300.2233756,,FALSE,,0,0
mcu,1197.677168,30000,FALSE,26,0,0
mcv,515.4028195,300,FALSE,16,0,0
mcw,459.237011,6560,FALSE,,0,0
mcx,6293.466911,29000,FALSE,,0,0
mcy,165.7032216,890,FALSE,,0,0
mcz,14.03626512,470,FALSE,,0,0
mda,769.7520132,100000,FALSE,,0,0
mdb,775.4821381,700,FALSE,,0,0
mdc,18.49169927,970,FALSE,,0,0
mdd,13998.92983,51100,FALSE,32,0,0
mde,25370.23549,296000,FALSE,32,0,0
mdf,11583.47086,2030,FALSE,30,0,0
mdg,13380.05941,10,FALSE,,0,0
mdh,5198.568617,1100000,FALSE,18,0,0
mdi,9138.106979,60000,FALSE,44,0,0
mdj,29878.27925,620000,FALSE,49,0,0
mdk,2472.451394,15000,FALSE,,0,0
mdm,3003.150242,100000,FALSE,,0,0
mdn,2237.759778,60000,FALSE,26,0,0
mdp,21227.93393,200000,FALSE,,0,0
mdq,20273.55587,100000,FALSE,,0,0
mdr,1334.643451,475000,FALSE,,0,0
mds,1656.993399,1350,FALSE,21,0,0
mdt,11709.69295,105900,FALSE,,0,0
mdu,731.8970374,27200,FALSE,,0,0
mdv,97.43805344,5430,FALSE,,0,0
mdw,6826.177606,108000,FALSE,,0,0
mdx,2122.950119,33900,FALSE,30,0,0
mdy,1242.75918,95000,FALSE,,0,0
mdz,1176.507113,260,FALSE,,0,0
mea,67.68572173,5200,FALSE,,0,0
meb,3106.109394,1570,FALSE,,0,0
mec,2724.925771,57,FALSE,,0,0
med,2192.875739,130000,FALSE,,0,0
mee,2787.91478,8400,FALSE,20,0,0
mef,457.9693848,6870,FALSE,,0,0
meg,144.4446892,,FALSE,,0,0
meh,255.7827016,7340,FALSE,,0,0
mei,1521.50132,50000,FALSE,28,0,0
mej,6634.0827,14800,FALSE,,0,0
mek,3186.999393,19000,FALSE,,0,0
mel,1755.015693,113280,FALSE,27,0,0
mem,43174.39357,61,FALSE,,0,0
men,28960.46116,1499700,FALSE,30,0,0
meo,12843.01469,,FALSE,,0,0
mep,17890.99565,210,FALSE,,0,0
meq,47.518853,10000,FALSE,,0,0
mer,6234.000274,1660000,FALSE,,0,0
mes,1617.478909,0,FALSE,,0,0
met,237.9072711,580,FALSE,,0,0
meu,62.73116013,39000,FALSE,21,0,0
mev,6819.06243,390000,FALSE,,0,0
mew,1761.631491,10000,FALSE,29,0,0
mey,1745426.146,3238190,FALSE,35,0,0
mez,489.8839313,35,FALSE,18,0,0
mfa,12132.36879,,FALSE,,0,0
mfb,11096.62784,,FALSE,23,0,0
mfc,7048.80921,36100,FALSE,34,0,0
mfd,149.6917678,23100,FALSE,,0,0
mfe,1926.706039,,TRUE,,864824.7696,1851307.225
mff,229.1022881,3000,FALSE,,0,0
mfg,331.3425908,20000,FALSE,,0,0
mfh,99.36342756,18000,FALSE,,0,0
mfi,1802.819846,43500,FALSE,,0,0
mfj,116.6123443,11000,FALSE,,0,0
mfk,119.1740915,27500,FALSE,,0,0
mfl,8946.620485,50,FALSE,,0,0
mfm,8946.620485,166000,FALSE,,0,0
mfn,1379.886595,100000,FALSE,34,0,0
mfo,195.0205485,65000,FALSE,31,0,0
mfp,26.41440682,0,FALSE,,0,0
mfq,1872.727356,190800,FALSE,31,0,0
mfr,548.1031685,15,FALSE,18,0,0
mfs,21412.91606,,FALSE,,0,0
mft,7.101612834,200,TRUE,,273605.7652,1037507.438
mfu,72117.18639,222000,FALSE,,0,0
mfv,5798.462576,310600,FALSE,32,0,0
mfw,129.224412,0,FALSE,,0,0
mfx,803.7968858,20200,FALSE,,0,0
mfy,29330.00573,32900,FALSE,,0,0
mfz,6718.989838,50000,FALSE,,0,0
mgb,2421.794143,42400,FALSE,,0,0
mgc,4045.064866,50000,FALSE,,0,0
mgd,6417.060869,70000,FALSE,35,0,0
mge,2654.61648,52200,FALSE,,0,0
mgf,3025.364457,120,FALSE,23,0,0
mgg,5327.727542,45000,FALSE,,0,0
mgh,65891.11784,1348000,FALSE,,0,0
mgi,906.0249888,50000,FALSE,,0,0
mgj,146.7779927,4000,FALSE,,0,0
mgk,123.1796036,850,FALSE,,0,0
mgl,812.2506002,5200,FALSE,,0,0
mgm,2866.825328,131000,FALSE,,0,0
mgn,500.7860772,2750,FALSE,,0,0
mgo,855.4203779,87000,FALSE,,0,0
mgp,5988.897906,533700,FALSE,44,0,0
mgq,638.4582607,65000,FALSE,,0,0
mgr,24974.00982,502000,FALSE,26,0,0
mgs,1619.620781,22000,FALSE,,0,0
mgt,36.45318541,340,FALSE,,0,0
mgu,578.0871932,8500,FALSE,17,0,0
mgv,3968.777268,150000,FALSE,,0,0
mgw,5930.184876,72000,FALSE,,0,0
mgx,917.6320913,,FALSE,,0,0
mgy,4713.185836,29000,FALSE,,0,0
mgz,1492.123547,24000,FALSE,,0,0
mha,212.3463403,4040,FALSE,,0,0
mhb,1271.393903,1000,FALSE,,0,0
mhc,79.3338836,140,FALSE,,0,0
mhd,194.1428008,,FALSE,25,0,0
mhe,1663.61132,2990,FALSE,39,0,0
mhf,90.97973799,200,FALSE,,0,0
mhg,50.35490923,1,TRUE,,2756.677347,2756.677347
mhi,8728.687118,314000,FALSE,46,0,0
mhj,60.7868874,,FALSE,25,0,0
mhk,412.8517951,50100,FALSE,,0,0
mhl,204.617302,2390,FALSE,,0,0
mhm,5221.214021,200000,FALSE,,0,0
mhn,8911.003188,1900,FALSE,,0,0
mho,15179.94892,21430,FALSE,,0,0
mhp,5607.242711,,TRUE,,2551.373106,1157665.745
mhq,144.4429071,10,FALSE,19,0,0
mhr,29020.59312,470000,FALSE,27,0,0
mhs,7557.686429,33000,TRUE,,67910.35908,979876.087
mht,6537.137755,3000,FALSE,,0,0
mhu,1751.72082,34850,FALSE,,0,0
mhw,27362.24441,35100,FALSE,,0,0
mhx,1209.986627,103500,FALSE,35,0,0
mhy,3941.454502,150000,FALSE,22,0,0
mhz,236.5140941,700,FALSE,16,0,0
mia,82805.27005,2000,FALSE,,0,0
mib,107.8259058,8300,FALSE,29,0,0
mic,2198.143761,8270,FALSE,17,0,0
mid,10560.80442,5500,FALSE,,0,0
mie,306.3400556,6170,FALSE,28,0,0
mif,247.1266322,60000,FALSE,41,0,0
mig,256.3160127,6000,FALSE,30,0,0
mih,165.7828938,10000,FALSE,,0,0
mii,69.63222589,1070,FALSE,,0,0
mij,44.3451145,400,FALSE,,0,0
mik,452.330018,190,FALSE,21,0,0
mil,184.7366107,5500,FALSE,31,0,0
mim,320.1988995,30000,FALSE,,0,0
min,39928.22033,,FALSE,26,0,0
mio,308.2559603,20000,FALSE,26,0,0
mip,301.9706319,10000,FALSE,,0,0
miq,16835.91285,183000,FALSE,17,0,0
mir,185.3446648,20000,FALSE,,0,0
mit,135.5846364,3180,FALSE,,0,0
miu,51.72217379,460,FALSE,20,0,0
miw,640.0111563,800,FALSE,16,0,0
mix,260.3611364,9170,FALSE,,0,0
miy,285.6432092,11500,FALSE,24,0,0
miz,49.34999237,2090,FALSE,31,0,0
mjc,236.6690628,7820,FALSE,,0,0
mjd,264.2656861,3,FALSE,,0,0
mje,5033.451781,0,FALSE,,0,0
mjg,4171.389537,152000,FALSE,38,0,0
mjh,271.7746074,6000,FALSE,,0,0
mji,3975.667028,374500,FALSE,,0,0
mjj,39.36210983,25,FALSE,,0,0
mjk,2.42592814,430,FALSE,20,0,0
mjl,3361.775056,900000,FALSE,,0,0
mjm,9.753906882,510,FALSE,,0,0
mjn,83.07949114,570,FALSE,,0,0
mjo,59.34024446,18600,FALSE,,0,0
mjp,158.8517691,5850,FALSE,,0,0
mjq,2118.552868,0,FALSE,,0,0
mjr,243.0461324,0,FALSE,,0,0
mjs,242.2691509,6000,FALSE,,0,0
mjt,1654.073489,61000,FALSE,30,0,0
mju,324.6618812,0,FALSE,,0,0
mjv,166.0118417,7850,FALSE,,0,0
mjw,3658.914966,420000,FALSE,24,0,0
mjx,427.8750579,36000,FALSE,,0,0
mjy,35124.84572,,FALSE,,0,0
mjz,179.1132124,44800,FALSE,,0,0
mka,11.30030039,200,FALSE,,0,0
mkb,365.1971785,51000,FALSE,,0,0
mkc,52.43029403,520,FALSE,,0,0
mkd,35091.01907,1341400,FALSE,31,0,0
mke,238.8229942,99500,FALSE,,0,0
mkf,92.29711793,30000,FALSE,,0,0
mkg,106.2403884,5000,FALSE,36,0,0
mki,44584.26558,148400,FALSE,,0,0
mkj,0.046591151,1050,TRUE,22,1470038.44,2714647.95
mkk,1457.01237,9500,FALSE,,0,0
mkl,1059.234069,65500,FALSE,,0,0
mkm,52.18406478,1500,FALSE,,0,0
mkn,890.0329087,,FALSE,,0,0
mko,87.6188078,3000,FALSE,,0,0
mkp,479.2105914,570,FALSE,,0,0
mkq,2771.616025,,FALSE,,0,0
mkr,113.4328137,650,FALSE,,0,0
mks,1187.928338,18700,FALSE,,0,0
mkt,47.20967034,100,FALSE,,0,0
mku,17548.73223,210000,FALSE,26,0,0
mkv,5.248813603,250,TRUE,,611337.0875,1848561.338
mkw,29118.82498,1160000,FALSE,,0,0
mkx,245.2896688,26700,TRUE,,9589.578774,1698993.924
mky,146.1478818,20000,TRUE,,17249.5292,1325616.267
mkz,2988.218538,102000,FALSE,,0,0
mla,163.2435098,4000,TRUE,22,580059.7822,1819229.058
mlb,71.15678647,100,FALSE,,0,0
mlc,1511.025647,169000,FALSE,,0,0
mld,2984.078636,,FALSE,,0,0
mle,195.3304964,2110,FALSE,19,0,0
mlf,2024.730195,26200,FALSE,27,0,0
mlh,469.9237617,1700,FALSE,24,0,0
mli,64.08508615,5000,FALSE,,0,0
mlj,401.0190197,270,FALSE,,0,0
mlk,949.833397,16800,FALSE,,0,0
mll,62.80495134,500,TRUE,,518849.5524,1792338.995
mlm,984.9388589,86000,FALSE,,0,0
mln,897.2442855,4140,TRUE,,931865.4446,1656238.332
mlo,24.16795018,5400,FALSE,,0,0
mlp,65.18511046,3750,FALSE,,0,0
mlq,48289.40186,858300,FALSE,,0,0
mlr,104.6328061,8500,FALSE,,0,0
mls,19083.31105,410900,FALSE,,0,0
mlt,289.7280635,393000,TRUE,30,81107.50011,243347.6135
mlu,102.7549697,12600,TRUE,20,986811.6231,1788741.373
mlv,21.21440996,1800,TRUE,23,773150.0226,1974943.489
mlw,58.93937617,8500,FALSE,,0,0
mlx,59.83005375,600,TRUE,,516757.5685,1791775.622
mlz,71.04540699,8500,FALSE,,0,0
mma,692.274164,20000,FALSE,,0,0
mmb,298.1937915,200,FALSE,,0,0
mmc,437.8064727,26600,FALSE,33,0,0
mmd,514.5253364,30000,FALSE,,0,0
mme,85.53674873,1000,TRUE,,518849.5524,1792338.995
mmf,127.7319071,1000,FALSE,,0,0
mmg,163.7514891,5250,TRUE,25,574373.1089,1852762.285
mmh,434.619069,230,FALSE,,0,0
mmi,137.2921113,680,FALSE,,0,0
mmj,813.5285084,34300,FALSE,,0,0
mmk,168.8406815,29700,FALSE,,0,0
mml,52.17590418,900,FALSE,,0,0
mmm,50.35762523,180,TRUE,,538955.1039,1840918.207
mmn,171.0314603,5150,FALSE,21,0,0
mmo,175.7342125,1500,FALSE,,0,0
mmp,85.22269646,220,FALSE,,0,0
mmq,366.399886,360,FALSE,,0,0
mmr,101.99758,820000,FALSE,,0,0
mms,764.7876644,,FALSE,,0,0
mmt,12.08716007,900,FALSE,,0,0
mmu,266.3475877,5300,FALSE,,0,0
mmv,497.7916216,55,FALSE,,0,0
mmw,11.97298351,400,TRUE,19,522601.9545,1837738.621
mmx,625.0292814,3000,TRUE,,30019.16703,1261134.28
mmy,1327.589752,20000,FALSE,,0,0
m,208.5690201,4500,TRUE,,24287.97156,802190.6105
mnb,3702.307445,300000,TRUE,,5792.67205,979283.6379
mnc,27524.22146,20,FALSE,25,0,0
mnd,823.7243944,2,FALSE,,0,0
mne,15118.18912,278000,FALSE,,0,0
mnf,199.9077914,34000,FALSE,,0,0
mng,3411.494838,30000,FALSE,32,0,0
mnh,4235.044009,65000,FALSE,,0,0
mni,4031.030854,1485000,FALSE,22,0,0
mnj,1880.553094,5300,FALSE,37,0,0
mnk,14811.11345,1346000,FALSE,26,0,0
mnl,142.5203644,400,TRUE,,569961.3384,1795687.399
mnm,96.9382759,270,FALSE,,0,0
mnn,2608.108039,30000,FALSE,,0,0
mnp,26728.46488,,FALSE,25,0,0
mnq,3204.566605,0,FALSE,28,0,0
mnr,567.4467349,37,FALSE,37,0,0
mns,6815.182851,940,FALSE,25,0,0
mnt,54271.80595,,FALSE,,0,0
mnu,3758.640372,85,FALSE,,0,0
mnv,678.2185783,4390,TRUE,,977122.1777,1536931.484
mnw,19002.431,851000,FALSE,41,0,0
mnx,2645.617622,12000,FALSE,,0,0
mny,4149.949331,173000,FALSE,,0,0
mnz,3257.895801,20000,FALSE,20,0,0
moa,482.3281312,20000,FALSE,,0,0
moc,20289.14895,3000,FALSE,,0,0
moe,1638.025205,11000,FALSE,,0,0
mof,14015.42996,,FALSE,,0,0
mog,4799.316593,230000,FALSE,,0,0
moh,1281.190403,3540,FALSE,18,0,0
moi,191.2186304,19000,FALSE,,0,0
moj,912.1258202,12600,FALSE,30,0,0
mok,927.7371746,50,FALSE,,0,0
mom,20836.08884,10000,FALSE,,0,0
moo,1488.647191,6000,FALSE,,0,0
mop,2260.509728,14200,FALSE,30,0,0
moq,532.9640568,30,FALSE,,0,0
mor,1330.46315,30000,FALSE,32,0,0
mos,68553.14021,5036700,FALSE,31,0,0
mot,9048.706988,5000,FALSE,,0,0
mou,1361.045238,7000,FALSE,,0,0
mov,737.2825972,100,FALSE,30,0,0
mow,1966.874786,3020,FALSE,,0,0
mox,342.6776298,4010,TRUE,,41205.87846,808868.4521
moy,3741.099457,79900,FALSE,30,0,0
moz,333.1283761,12000,FALSE,,0,0
mpa,619.1095185,80000,FALSE,,0,0
mpb,3902.555832,33,FALSE,19,0,0
mpc,7017.541857,12,FALSE,,0,0
mpd,5567.94603,1080,FALSE,,0,0
mpe,5607.228379,18500,FALSE,,0,0
mpf,11.6334624,,FALSE,,0,0
mpg,1371.780986,148000,FALSE,,0,0
mph,757.5804289,260,TRUE,23,0,0
mpi,3966.612019,16000,FALSE,,0,0
mpj,100946.5441,880,FALSE,21,0,0
mpk,355.2967937,1000,FALSE,,0,0
mpl,211.376806,1700,FALSE,,0,0
mpm,118.1444931,2000,FALSE,,0,0
mpn,9.936084663,80,FALSE,,0,0
mpo,133.2688163,395,FALSE,,0,0
mpp,140.203713,2600,FALSE,,0,0
mpq,14.88530801,320,FALSE,,0,0
mpr,415.288593,910,TRUE,,726753.2523,1530204.727
mps,1451.591972,10000,FALSE,20,0,0
mpt,2069.124454,1400,FALSE,20,0,0
mpu,832.9604666,45,FALSE,,0,0
mpv,15.14231894,12,FALSE,,0,0
mpw,25049.16226,10,FALSE,,0,0
mpx,265.2469228,18000,TRUE,21,105917.7339,828555.6941
mpz,79.72661202,900,FALSE,,0,0
mqa,593.6138235,6620,FALSE,,0,0
mqb,68.40199563,15000,FALSE,,0,0
mqc,243.1707014,7280,TRUE,,209908.4713,1159377.591
mqe,28.67108444,280,FALSE,,0,0
mqf,3558.309382,2000,FALSE,,0,0
mqg,5666.355449,,FALSE,,0,0
mqh,65.70691003,3700,FALSE,,0,0
mqi,0.649019808,280,TRUE,,190889.5019,614419.5144
mqj,2611.182403,100000,FALSE,,0,0
mqk,220.9601938,7560,FALSE,,0,0
mql,675.2397994,39900,FALSE,,0,0
mqm,440.2729095,2700,TRUE,17,4776955.594,4776955.594
mqn,4059.685905,37000,FALSE,,0,0
mqo,312.5259458,2000,FALSE,,0,0
mqp,39.72570962,1500,TRUE,,30418.4198,986990.6143
mqq,627.0172466,1200,FALSE,,0,0
mqr,18.82484871,20,FALSE,,0,0
mqs,269.1290341,12000,FALSE,25,0,0
mqt,15.185319,7,FALSE,,0,0
mqu,7131.618525,0,FALSE,,0,0
mqv,18.00912016,50,FALSE,,0,0
mqw,90.9850935,300,FALSE,,0,0
mqx,587.427159,60000,FALSE,,0,0
mqy,5318.21497,900000,FALSE,25,0,0
mqz,31.65179926,1180,FALSE,,0,0
mra,594.3870072,154,FALSE,,0,0
mrb,47.32906888,500,TRUE,21,668329.2308,1930176.303
mrc,276.4735769,100,FALSE,29,0,0
mrd,5749.275115,308000,FALSE,,0,0
mrf,4648.663433,300,FALSE,22,0,0
mrg,7364.010142,551000,FALSE,,0,0
mrh,2509.663263,54800,FALSE,32,0,0
mri,31261.78063,148000,FALSE,16,0,0
mrj,991.3155462,30000,FALSE,31,0,0
mrk,144.9437145,200,FALSE,,0,0
mrl,1.32425176,5900,TRUE,,1085982.958,2181711.968
mrm,7.420298129,1350,TRUE,19,752412.0112,1986553.259
mrn,682.1948012,10800,TRUE,,735060.6255,1645073.611
mro,1256.891059,50000,FALSE,,0,0
mrp,157.6864425,150,TRUE,,569961.3384,1795687.399
mrq,500.1490367,5390,TRUE,,4763104.667,4763104.667
mrr,1727.30965,165000,FALSE,,0,0
mrs,45.21514172,15,TRUE,,518849.5524,1792338.995
mrt,8946.620485,158000,FALSE,39,0,0
mru,7.655590235,300,FALSE,,0,0
mrv,23.00786364,600,TRUE,15,4678464.512,5727641.47
mrw,5375.061565,776000,FALSE,20,0,0
mrx,44.88552648,55,FALSE,,0,0
mry,217.3829624,250000,FALSE,,0,0
mrz,14034.5226,7000,FALSE,21,0,0
msb,3125.885837,350000,TRUE,,13650.75526,1285789.521
msc,4403.59196,77000,FALSE,24,0,0
msd,32351.84958,,FALSE,,0,0
mse,4182.752618,229000,FALSE,28,0,0
msf,197.0983524,1200,FALSE,,0,0
msg,1509.729213,1000,FALSE,,0,0
msh,11188.01207,550000,FALSE,,0,0
msi,73489.90905,,FALSE,,0,0
msj,1266.720252,4700,FALSE,,0,0
msk,3672.446533,57800,FALSE,20,0,0
msl,362.1526936,230,FALSE,,0,0
msm,9573.818802,60000,FALSE,,0,0
msn,35.40229321,1100,TRUE,18,773150.0226,1974943.489
mso,704.2732014,250,TRUE,22,309.5499569,450784.6087
msp,27803.93797,0,FALSE,,0,0
msq,47.82046238,1170,FALSE,37,0,0
mss,20.81597312,850,TRUE,,276528.2431,397582.6029
mst,451.6308293,,FALSE,,0,0
msu,154.679288,200,FALSE,,0,0
msv,190.4488217,250,FALSE,,0,0
msw,60.79442309,15500,FALSE,,0,0
msx,26.71732846,200,FALSE,,0,0
msy,440.7138815,8000,FALSE,,0,0
msz,30.49492164,10,FALSE,,0,0
mta,1425.382505,30000,FALSE,21,0,0
mtb,667.7403625,300000,FALSE,,0,0
mtc,54.9487446,910,FALSE,,0,0
mtd,2559.741818,40000,FALSE,,0,0
mte,328.5293543,2940,TRUE,19,430894.1295,1391827.013
mtf,407.1258608,1000,FALSE,,0,0
mtg,2148.177876,5600,FALSE,,0,0
mth,61.66244955,800,TRUE,,22739.93143,1105716.838
mti,1049.170541,1400,FALSE,,0,0
mtj,4450.675998,8000,FALSE,,0,0
mtk,213.4172827,1490,FALSE,,0,0
mtl,394.963819,21900,FALSE,,0,0
mtn,16735.99724,18000,FALSE,,0,0
mto,440.5270773,5470,FALSE,25,0,0
mtp,7629.166275,1910,FALSE,,0,0
mtq,10250.53616,1140000,FALSE,,0,0
mtr,95088.29919,5100000,FALSE,,0,0
mts,968.1078344,170,FALSE,,0,0
mtu,177.8632381,1020,FALSE,,0,0
mtv,26.15961281,1250,FALSE,,0,0
mtw,23.97017011,7570,FALSE,,0,0
mtx,67.26204893,380,FALSE,,0,0
mty,60.89755069,620,FALSE,,0,0
mtz,375.5782638,,FALSE,,0,0
mua,6612.990097,235700,FALSE,,0,0
mub,5224.647185,35300,FALSE,,0,0
muc,11.20101652,200,FALSE,,0,0
mud,125.9767517,,TRUE,,295624.154,295624.154
mue,145.0050496,,FALSE,,0,0
mug,5395.973122,85900,FALSE,29,0,0
muh,4603.785911,25800,FALSE,,0,0
mui,53105.09777,,FALSE,,0,0
muj,114.1817251,3,FALSE,,0,0
muk,2423.978547,7000,FALSE,,0,0
mum,100.2082714,2450,FALSE,,0,0
muo,520.9207288,30000,FALSE,,0,0
mup,25458.64709,5560000,FALSE,35,0,0
muq,10101.34419,80000,FALSE,34,0,0
mur,14754.05329,60001,FALSE,33,0,0
mus,595.8924927,4000,FALSE,19,0,0
mut,476.922955,400000,FALSE,,0,0
muu,2211.018433,50,FALSE,27,0,0
muv,343.3697466,16800,FALSE,,0,0
mux,624.7600921,40900,FALSE,,0,0
muy,118.0336913,30000,FALSE,,0,0
muz,2129.468128,7390,FALSE,,0,0
mva,81.19217716,7950,TRUE,19,0,0
mvb,7070.192224,0,FALSE,,0,0
mvc,1771.097853,,FALSE,,0,0
mvd,364.0737495,10000,TRUE,,45804.71934,694108.798
mve,33388.60599,220000,FALSE,,0,0
mvf,991582.2849,3380000,FALSE,26,0,0
mvg,142.515305,710,FALSE,,0,0
mvh,847.1283008,5000,FALSE,,0,0
mvi,202.6712965,0,TRUE,,272377.5805,495221.2452
mvj,593.7371992,,FALSE,,0,0
mvk,329.7558239,1400,FALSE,,0,0
mvl,27176.63268,0,FALSE,21,0,0
mvm,1480.156601,10000,FALSE,,0,0
mvn,81.12245191,2300,TRUE,,41205.87846,808868.4521
mvo,1028.089964,8090,TRUE,,642282.6025,1486772.893
mvp,742.0010116,127000,FALSE,,0,0
mvq,20.2686504,50,FALSE,,0,0
mvr,105.6154555,1700,TRUE,,22739.93143,1105716.838
mvs,101.6531446,25,FALSE,,0,0
mvt,11.44388943,430,TRUE,,518849.5524,1792338.995
mvu,304.8266121,5000,FALSE,,0,0
mvv,8105.857054,2000,FALSE,21,0,0
mvw,3369.549738,36000,FALSE,,0,0
mvx,81.86740356,250,TRUE,,22212.0508,1021366.565
mvy,1558.975682,200000,FALSE,,0,0
mvz,260.1984887,195000,FALSE,,0,0
mwa,8.798723476,120,TRUE,,16582.84765,813059.721
mwb,65.6326662,1440,FALSE,,0,0
mwc,71.88336542,1230,FALSE,,0,0
mwd,61621.11736,,FALSE,,0,0
mwe,15601.68447,469000,FALSE,28,0,0
mwf,4188.664419,1830,FALSE,,0,0
mwg,27.32155022,3700,FALSE,,0,0
mwh,861.6221761,630,FALSE,,0,0
mwi,71.93697014,1100,TRUE,23,518849.5524,1792338.995
mwk,66815.51148,434000,FALSE,40,0,0
mwl,716.1826626,15000,FALSE,,0,0
mwm,8541.046266,183000,FALSE,30,0,0
mwn,14894.60601,227000,FALSE,,0,0
mwo,49.51879601,1400,TRUE,,668329.2308,1930176.303
mwp,778.5020847,1210,TRUE,20,3753.383599,12460.41922
mwq,7590.275805,15000,FALSE,,0,0
mws,549.8135819,70000,FALSE,,0,0
mwt,2941.46293,6000,TRUE,,159.0974043,159.0974043
mwu,11187.17876,0,FALSE,,0,0
mwv,5778.020224,58000,TRUE,,85748.64199,494488.8354
mww,23174.87949,1503400,FALSE,48,0,0
mwz,316.616514,4200,FALSE,,0,0
mxa,134.7069837,5430,FALSE,,0,0
mxb,139.9482279,5080,FALSE,,0,0
mxc,23687.53243,1025000,FALSE,,0,0
mxd,10330.83038,15300,FALSE,,0,0
mxe,8.875884134,3500,TRUE,16,456684.0896,1785473.587
mxf,1361.059446,6000,FALSE,,0,0
mxg,20087.5684,400000,FALSE,,0,0
mxh,334.0635529,5100,FALSE,,0,0
mxj,3707.651737,18200,FALSE,,0,0
mxk,21.05375978,410,FALSE,20,0,0
mxl,4138.278574,91300,FALSE,,0,0
mxm,1289.764673,2000,FALSE,,0,0
mxn,2618.380738,4600,FALSE,,0,0
mxo,2575.329359,460,FALSE,,0,0
mxp,195.0918739,5000,FALSE,21,0,0
mxq,303.6623765,8000,FALSE,,0,0
mxr,35.62659044,1120,FALSE,,0,0
mxs,104.3524551,2400,FALSE,,0,0
mxt,113.3948722,9760,FALSE,28,0,0
mxu,50.77071123,17000,FALSE,,0,0
mxv,2025.244511,46600,FALSE,,0,0
mxw,648.8186326,380,FALSE,,0,0
mxx,8238.821754,300000,FALSE,,0,0
mxy,250.9341022,4200,FALSE,,0,0
mxz,2.313230384,510,TRUE,,276528.2431,397582.6029
mya,215217.0401,32000000,FALSE,38,0,0
myb,4280.250644,88300,FALSE,26,0,0
myc,7879.643057,21000,FALSE,,0,0
myd,31.19409517,,FALSE,,0,0
mye,16455.0472,46700,FALSE,31,0,0
myf,2022.193354,5000,FALSE,,0,0
myg,245.9501856,5300,FALSE,,0,0
myh,3256.007717,2236,FALSE,,0,0
myi,4327.484501,,FALSE,,0,0
myj,188.3084742,400,FALSE,,0,0
myk,15683.65592,738000,FALSE,36,0,0
myl,819.0513475,5500,FALSE,,0,0
mym,9257.072512,151000,FALSE,,0,0
myo,1007.532347,500,FALSE,,0,0
myp,2334.473206,360,FALSE,11,0,0
myq,24159.47409,,FALSE,,0,0
myr,374.2971898,3,FALSE,22,0,0
mys,3606.818996,0,FALSE,,0,0
myt,82.1807279,,FALSE,,0,0
myu,43866.114,7500,FALSE,23,0,0
myv,8175.435112,36700,FALSE,25,0,0
myw,925.6862983,6000,TRUE,22,151302.7359,948190.2824
myx,2042.228632,1120000,FALSE,25,0,0
myy,2430.682587,1170,FALSE,,0,0
myz,8381.789523,0,FALSE,,0,0
mza,251.7901012,2570,FALSE,,0,0
mzb,8738.514292,150000,FALSE,,0,0
mzd,499.3807561,2230,FALSE,,0,0
mze,130.1155084,1100,FALSE,,0,0
mzh,11445.24144,15000,FALSE,,0,0
mzi,75.35671509,8590,FALSE,,0,0
mzj,3890.009682,75400,FALSE,,0,0
mzk,1786.172993,99000,FALSE,27,0,0
mzl,1058.404269,19200,FALSE,,0,0
mzm,6199.990421,400000,FALSE,30,0,0
mzn,25598.03716,3270000,FALSE,27,0,0
mzo,1642.190085,119,FALSE,,0,0
mzp,2979.739989,1450,FALSE,25,0,0
mzq,973.598798,14000,FALSE,,0,0
mzr,10893.36768,1250,FALSE,,0,0
mzs,16130.27283,50,FALSE,,0,0
mzt,743.2863759,180,FALSE,29,0,0
mzu,142.5663998,1830,FALSE,,0,0
mzv,31828.28917,220000,FALSE,,0,0
mzw,2778.204354,26400,FALSE,,0,0
mzx,23.73860743,,FALSE,,0,0
mzy,20430.24277,,FALSE,,0,0
mzz,132.0009795,900,TRUE,,41205.87846,808868.4521
a,233.4802165,30,FALSE,,0,0
b,21651.73616,720,FALSE,20,0,0
c,265.9474719,6220,FALSE,21,0,0
d,25994.7227,,FALSE,23,0,0
e,29.63971636,,FALSE,,0,0
f,359.8600948,16000,FALSE,22,0,0
g,436.9898618,,FALSE,,0,0
j,2740.573301,21830,FALSE,,0,0
k,1158.990774,13000,FALSE,19,0,0
l,288.0410506,5140,TRUE,,30019.16703,1261134.28
m,10921.56425,180,FALSE,18,0,0
n,101885.287,,FALSE,24,0,0
o,93.89043439,770,FALSE,,0,0
p,18062.92973,5700000,FALSE,,0,0
q,140836.3837,251100,FALSE,38,0,0
r,295.2656616,6120,FALSE,31,0,0
s,896.8404884,20000,TRUE,15,265963.7203,1421666.378
t,236.0114782,20000,FALSE,,0,0
u,13.77184219,6000,TRUE,22,1665356.663,2859967.109
v,60052.34544,171000,FALSE,42,0,0
w,568.7009851,14000,FALSE,,0,0
x,86.21832424,280,FALSE,,0,0
y,143670.6274,160,FALSE,23,0,0
z,119.8048259,1400,FALSE,,0,0
nba,177002.4709,222000,FALSE,,0,0
nbb,326.1008907,7340,FALSE,,0,0
nbc,213.3225633,62400,FALSE,,0,0
nbe,2537.966406,250000,FALSE,,0,0
nbf,19419.72949,,FALSE,,0,0
nbg,435.8291344,,FALSE,,0,0
nbh,1335.298715,60000,FALSE,,0,0
nbi,719.28301,81000,FALSE,,0,0
nbj,18339.35513,370,FALSE,,0,0
nbk,25.43500953,170,FALSE,,0,0
nbl,1781.930326,1090000,FALSE,49,0,0
nbm,75689.47843,99000,FALSE,32,0,0
nbn,3478.871211,500,FALSE,,0,0
nbo,429.7846777,1000,FALSE,,0,0
nbp,187.6891448,3000,FALSE,,0,0
nbq,1043.083699,4400,FALSE,,0,0
nbr,444.8341434,40000,FALSE,,0,0
nbt,1828.873338,1500,FALSE,,0,0
nbu,718.3585206,61200,FALSE,,0,0
nbv,45.48539467,8000,FALSE,,0,0
nbw,5586.636268,105000,FALSE,,0,0
nbx,62909.31496,,FALSE,29,0,0
nby,113.9496526,150,FALSE,,0,0
nca,477.5056787,6900,FALSE,,0,0
ncb,270.1898852,10100,TRUE,27,319030.1635,510765.7628
ncd,44.03965919,10000,FALSE,,0,0
nce,484.2007602,600,FALSE,,0,0
ncf,17.08505287,1840,TRUE,,30019.16703,1261134.28
ncg,202.6647322,610,FALSE,,0,0
nch,2332.292687,200000,FALSE,20,0,0
nci,129437.3611,,FALSE,,0,0
ncj,377.3744606,60000,FALSE,20,0,0
nck,245.9272618,57,FALSE,,0,0
ncl,373.5432237,3000,FALSE,24,0,0
ncm,888.0118828,710,FALSE,37,0,0
ncn,1.489595981,100,TRUE,,359393.541,1130221.812
nco,533.639603,6000,TRUE,,265963.7203,1421666.378
ncp,311.619517,,FALSE,,0,0
ncr,126.8450459,15500,FALSE,,0,0
ncs,4257.289462,,FALSE,,0,0
nct,239.0041166,3600,FALSE,,0,0
ncu,1858.485376,69000,FALSE,,0,0
ncx,579.4080642,16000,FALSE,,0,0
ncz,9692.396799,6,FALSE,25,0,0
nda,1205.237521,6990,FALSE,,0,0
ndb,67.07234401,25000,FALSE,,0,0
ndc,81658.44498,2380000,FALSE,,0,0
ndd,605.7344949,19500,FALSE,,0,0
nde,87518.50368,1567000,FALSE,47,0,0
ndg,4022.912267,72000,FALSE,,0,0
ndh,1891.83693,220000,FALSE,29,0,0
ndi,2220.840933,62000,FALSE,29,0,0
ndj,2766.775886,55000,FALSE,,0,0
ndk,5399.129003,25000,FALSE,,0,0
ndl,993.6508025,8000,FALSE,,0,0
ndm,2978.025525,6500,FALSE,,0,0
ndn,129.6992712,3000,FALSE,,0,0
ndo,55372.25551,807000,FALSE,34,0,0
ndp,2196.693723,133800,FALSE,,0,0
ndq,5669.42098,22300,FALSE,,0,0
ndr,2132.57732,62520,FALSE,,0,0
nds,2827.184765,1000,FALSE,,0,0
ndt,207.180574,2500,FALSE,,0,0
ndu,211.1688217,7000,FALSE,,0,0
ndv,79.8395166,38600,FALSE,,0,0
ndw,3655.218692,10200,FALSE,,0,0
ndx,3170.170434,10000,FALSE,,0,0
ndy,6696.343475,18980,FALSE,,0,0
ndz,1927.74934,20000,FALSE,,0,0
nea,160.8822959,,FALSE,,0,0
neb,2287.480732,50000,FALSE,33,0,0
nec,22.13562256,1500,TRUE,,76456.17911,632259.6534
ned,281.3410249,,FALSE,,0,0
nee,810.5997662,1090,FALSE,38,0,0
nef,821.4345337,,FALSE,,0,0
neg,5711.577493,74,FALSE,27,0,0
neh,1298.052957,10000,FALSE,,0,0
nej,17.08481291,640,FALSE,,0,0
nek,32.09598853,130,FALSE,,0,0
nem,287.2941758,910,FALSE,,0,0
nen,656.4482133,8720,TRUE,37,108684.0525,1564249.893
neo,31.20489005,,FALSE,,0,0
nep,59981.29549,,FALSE,36,0,0
neq,2424.127817,13000,FALSE,,0,0
ner,314.1044308,500,FALSE,,0,0
nes,612.1934007,6790,FALSE,,0,0
net,347.5019391,750,FALSE,,0,0
nev,378.390697,3960,FALSE,,0,0
new,427.7480457,861000,FALSE,36,0,0
nex,603.1158467,300,FALSE,,0,0
ney,430.8766282,9200,FALSE,,0,0
nez,3166.306568,100,FALSE,34,0,0
nfa,3.082403093,5000,TRUE,,99358.75645,493761.3225
nfd,82.01967135,15000,FALSE,,0,0
nfg,12.04439394,,FALSE,,0,0
nfk,14.80681571,,FALSE,,0,0
nfl,0.538034365,8400,TRUE,23,1115522.872,2131781.145
nfr,1630.549799,61000,FALSE,,0,0
nfu,311.619517,24700,FALSE,,0,0
nga,29097.88756,1013650,FALSE,,0,0
ngb,24842.86681,250000,FALSE,41,0,0
ngc,54299.52613,150000,FALSE,27,0,0
ngd,355.0277668,5000,FALSE,,0,0
nge,464.4046558,18800,FALSE,27,0,0
ngg,10431.67759,29000,FALSE,,0,0
ngh,32283.85832,12,FALSE,72,0,0
ngi,2371.988038,80000,FALSE,34,0,0
ngj,212.0108099,37000,FALSE,,0,0
ngk,15775.66274,11,FALSE,24,0,0
ngl,46836.47622,1500000,FALSE,,0,0
ngn,355.7372941,22000,FALSE,,0,0
ngo,21398.23998,223000,FALSE,,0,0
ngp,10976.09674,132000,FALSE,,0,0
ngq,1245.030885,55000,FALSE,,0,0
ngr,20.67945841,210,TRUE,29,1043746.739,2048663.491
ngs,36.05453444,21000,FALSE,,0,0
ngt,1302.394359,12900,FALSE,29,0,0
ngu,8803.443291,150000,FALSE,,0,0
ngv,662.1919948,0,FALSE,,0,0
ngw,81.68966613,10000,FALSE,,0,0
ngx,83.59523988,2000,FALSE,,0,0
ngy,238.6007464,1400,FALSE,,0,0
ngz,4184.56241,45000,FALSE,,0,0
nha,40484.01818,0,FALSE,25,0,0
nhb,697.0353388,17000,FALSE,,0,0
nhc,8155.890215,0,FALSE,,0,0
nhd,43599.51603,6960,FALSE,,0,0
nhe,4582.67158,410000,FALSE,19,0,0
nhf,1923.862913,,FALSE,,0,0
nhg,95.03954576,3500,FALSE,22,0,0
nhh,8889.980987,20400,FALSE,,0,0
nhi,148.5943195,17100,FALSE,,0,0
nhk,177.9799134,5140,FALSE,,0,0
nhm,723.4406795,18700,FALSE,,0,0
nhn,995.5243036,40000,FALSE,21,0,0
nhp,115.8592283,7000,FALSE,,0,0
nhq,163.3251266,7000,FALSE,,0,0
nhr,58921.37102,14000,FALSE,63,0,0
nht,179.1949696,430,FALSE,,0,0
nhu,298.2518468,25000,FALSE,,0,0
nhv,66.762254,310,FALSE,,0,0
nhw,2826.68478,400000,FALSE,,0,0
nhx,668.2462052,20000,FALSE,22,0,0
nhy,155.4415528,9000,FALSE,,0,0
nhz,104.2198267,2470,FALSE,,0,0
nia,5011.885123,770000,TRUE,,35190.5906,406792.4475
nib,31.82944173,980,FALSE,,0,0
nid,2363.482107,0,FALSE,29,0,0
nie,767.2306821,5160,FALSE,,0,0
nif,55.92901548,2000,FALSE,,0,0
nig,8087.437814,0,FALSE,,0,0
nih,6266.721941,662000,FALSE,,0,0
nii,416.6443816,12000,FALSE,25,0,0
nij,31682.69472,890000,FALSE,24,0,0
nik,853.1272797,7500,TRUE,,199201.8898,495764.5898
nil,94.32230743,,FALSE,,0,0
nim,6808.578531,455000,FALSE,,0,0
nin,392.653548,35000,FALSE,,0,0
nio,23105.9489,130,FALSE,28,0,0
niq,3662.985662,949000,FALSE,,0,0
nir,335.1652627,2000,FALSE,18,0,0
nis,53.53376883,1700,FALSE,,0,0
nit,1050.747218,10000,FALSE,,0,0
niu,256.9729567,2030,TRUE,16,2344873.698,3835188.623
niv,8004.5974,200,FALSE,18,0,0
niw,245.1831824,350,FALSE,,0,0
nix,1839.619329,125000,FALSE,,0,0
niy,585.0737407,100000,FALSE,,0,0
niz,6.244915826,950,FALSE,20,0,0
nja,613.5042875,179000,FALSE,,0,0
njb,1256.939701,33000,FALSE,28,0,0
njd,2374.78184,,FALSE,,0,0
njh,744.5855248,170000,FALSE,32,0,0
nji,6855.869819,3,FALSE,23,0,0
njj,15.82350353,1800,FALSE,,0,0
njl,476.084907,900,FALSE,,0,0
njm,2013.11229,132000,FALSE,45,0,0
njn,406.7299229,34200,FALSE,,0,0
njo,1434.90648,261000,FALSE,32,0,0
njr,391.7836673,6,FALSE,,0,0
njs,936.4073457,500,FALSE,,0,0
njt,8781.439062,,FALSE,,0,0
nju,72904.05323,,FALSE,24,0,0
njx,5165.333919,52000,FALSE,,0,0
njy,1123.351752,7000,FALSE,,0,0
nka,18230.29126,36200,FALSE,,0,0
nkb,134.8941354,25600,FALSE,,0,0
nkc,181.4721845,2230,FALSE,,0,0
nkd,343.4269331,3000,FALSE,,0,0
nke,661.0321444,2310,TRUE,,603020.0452,1478684.967
nkf,343.3910748,,FALSE,,0,0
nkg,27.14620818,430,FALSE,,0,0
nkh,233.2115915,40800,FALSE,,0,0
nki,205.5575746,23600,FALSE,,0,0
nkj,987.4524972,700,FALSE,,0,0
nkk,230.7267792,160,TRUE,17,569961.3384,1795687.399
nkm,223.840545,180,FALSE,,0,0
nkn,6217.404714,22300,FALSE,,0,0
nko,195.8139536,28000,FALSE,28,0,0
nks,3974.279946,1000,FALSE,,0,0
nkt,5311.553002,25000,FALSE,,0,0
nku,9064.500687,29900,FALSE,,0,0
nkv,4736.30576,10000,FALSE,,0,0
nkw,15246.34067,40000,FALSE,,0,0
nkx,121.4836803,4550,FALSE,,0,0
nkz,126.8033607,5000,FALSE,,0,0
nla,249.7879444,45000,FALSE,,0,0
nlc,1396.634768,16000,FALSE,22,0,0
nld,95700.79002,21560000,FALSE,26,0,0
nle,543.243099,273000,FALSE,,0,0
nlg,363.924011,11900,TRUE,22,949200.9968,1727267.483
nli,247.6229461,5000,FALSE,,0,0
nlj,1392.520045,43000,FALSE,,0,0
nlk,1315.874847,10500,FALSE,,0,0
nll,384.0324723,2000,FALSE,,0,0
nln,1849.387494,,FALSE,,0,0
nlo,857.813224,8400,FALSE,,0,0
nlr,3766.159942,,FALSE,23,0,0
nlv,1672.806128,120000,FALSE,20,0,0
nlx,2942.539211,15000,FALSE,34,0,0
nly,22176.48099,35,FALSE,23,0,0
nma,162.0186784,37300,FALSE,,0,0
nmb,201.8620928,3350,TRUE,19,518849.5524,1792338.995
nmc,9785.323177,61400,FALSE,,0,0
nmd,354.5419516,4310,FALSE,31,0,0
nme,382.8986523,29000,FALSE,,0,0
nmf,2774.452262,142000,FALSE,24,0,0
nmg,2217.581888,22000,FALSE,36,0,0
nmh,165.8555125,3200,FALSE,,0,0
nmi,65.98632405,100,FALSE,,0,0
nmj,524.9379837,,FALSE,,0,0
nmk,30.31768477,3750,TRUE,22,514184.9091,1836195.502
nml,975.7910869,5950,FALSE,,0,0
nmm,779.9498242,390,FALSE,,0,0
nmn,90404.01191,4200,FALSE,133,0,0
nmo,153.6703715,3700,FALSE,,0,0
nmp,6123.883067,0,FALSE,,0,0
nmq,29345.46449,105000,FALSE,,0,0
nmr,814.7187046,130,FALSE,,0,0
nms,328.6479064,800,TRUE,,518849.5524,1792338.995
nmt,0.796142464,940,TRUE,,1433857.106,2282425.747
nmu,14.14576161,1,FALSE,26,0,0
nmv,41823.77824,0,FALSE,,0,0
nmw,166.3735221,1100,TRUE,,252323.1014,925258.1272
nmx,284.3275253,1200,FALSE,,0,0
nmy,1991.270603,5000,FALSE,,0,0
nmz,9285.915315,146000,FALSE,,0,0
n,76591.07931,310,FALSE,21,0,0
nnb,10299.03056,903000,FALSE,,0,0
nnc,1307.048841,81000,FALSE,,0,0
nnd,208.003542,8700,TRUE,,635242.1669,1886342.823
nne,25702.92215,13100,FALSE,,0,0
nnf,123.7016,2020,FALSE,,0,0
nng,401.1805053,22300,FALSE,,0,0
nnh,225.8537985,250000,FALSE,,0,0
nni,73.72081842,500,FALSE,,0,0
nnj,1530.735619,24300,FALSE,,0,0
nnk,178.4786468,2500,FALSE,,0,0
nnl,235.7313794,13000,FALSE,,0,0
nnm,726.7485212,6000,FALSE,16,0,0
nnn,574.7429764,10000,FALSE,,0,0
nnp,420.0683667,49100,FALSE,,0,0
nnq,17073.26298,220000,FALSE,,0,0
nns,9.48398701,,FALSE,,0,0
nnt,25382.21388,400,FALSE,,0,0
nnu,989.5545009,8200,FALSE,,0,0
nnv,58694.45618,0,FALSE,,0,0
nnw,13269.13421,168000,FALSE,,0,0
nnx,58.69728883,,FALSE,,0,0
nny,11289.80935,0,FALSE,,0,0
nnz,656.7986256,10000,FALSE,,0,0
noa,13713.03376,10800,FALSE,26,0,0
noc,56.74957197,900,FALSE,,0,0
nod,73080.14018,6029500,FALSE,,0,0
noe,21684.22914,2150000,FALSE,,0,0
nof,175.0305192,6700,FALSE,,0,0
nog,2688.572278,87100,FALSE,29,0,0
noh,121.9046332,400,FALSE,,0,0
noi,980.5929924,100000,FALSE,,0,0
nok,1651.607208,1600,FALSE,,0,0
noo,247.8977615,,FALSE,37,0,0
nop,123.0667658,2300,FALSE,,0,0
noq,2094.072563,4080,FALSE,,0,0
nor,290786.6099,4640000,FALSE,30,0,0
nos,24913.53967,75000,FALSE,,0,0
not,3235.689749,6500,FALSE,18,0,0
nou,665.7731914,12900,FALSE,23,0,0
now,8576.522313,400000,FALSE,,0,0
noy,1839.338823,36,FALSE,,0,0
noz,801.0759373,7190,FALSE,,0,0
npa,386.857181,600,FALSE,,0,0
npb,21.44152874,,FALSE,,0,0
nph,560.0576353,123000,FALSE,,0,0
npl,1302.745908,92000,FALSE,,0,0
npn,106.8721323,300,TRUE,,273605.7652,1037507.438
npo,208.0165737,16700,FALSE,,0,0
nps,982.3998703,2500,FALSE,,0,0
npu,218.2653105,,FALSE,,0,0
npy,916.3979869,6100,FALSE,,0,0
nqg,2050.19976,200000,FALSE,,0,0
nqk,537.5520367,25000,FALSE,,0,0
nqm,1333.954216,1200,FALSE,21,0,0
nqn,101.0349729,250,FALSE,,0,0
nqo,200773.1717,,FALSE,,0,0
nra,4308.943615,12770,FALSE,,0,0
nrb,1942.475233,81400,FALSE,26,0,0
nre,701.3341982,21000,FALSE,,0,0
nrg,176.7543984,160,TRUE,,569961.3384,1795687.399
nri,466.9473221,83600,FALSE,,0,0
nrl,3146.303638,26,FALSE,,0,0
nrm,563.5767721,0,FALSE,,0,0
nrr,384.2606157,,FALSE,,0,0
nrx,4976.136801,,FALSE,,0,0
nrz,699.0491442,3000,FALSE,21,0,0
nsa,1037.764019,84300,FALSE,,0,0
nsc,750.4107496,,FALSE,,0,0
nsd,1575.740801,210000,FALSE,,0,0
nse,38759.50236,613100,FALSE,,0,0
nsg,58.04467525,200,FALSE,,0,0
nsh,71.80200806,9200,FALSE,,0,0
nsk,99.27528005,620,FALSE,,0,0
nsm,2001.156712,104000,FALSE,,0,0
nsn,16.54354387,6500,TRUE,20,189193.7907,1448242.967
nso,79274.41175,4620000,FALSE,,0,0
nsq,148.0703045,,FALSE,22,0,0
nsr,47009.01313,,FALSE,,0,0
nss,139.167917,1800,TRUE,,273605.7652,1037507.438
nst,4837.566443,100100,FALSE,,0,0
nsu,1019.149251,25000,FALSE,,0,0
nsv,1104.827238,,FALSE,,0,0
nsw,83.3574615,520,TRUE,,569961.3384,1795687.399
nsx,37319.91476,50000,FALSE,,0,0
nsy,56.19548886,3000,FALSE,,0,0
nsz,6086.892574,,FALSE,25,0,0
nte,732.4077943,25000,FALSE,,0,0
nti,143.6665808,2400,FALSE,,0,0
ntj,60763.70287,1000,FALSE,21,0,0
ntk,1557.844338,36000,FALSE,,0,0
ntm,914.9720711,66000,FALSE,,0,0
nto,12717.49898,100000,FALSE,23,0,0
ntp,3321.440483,6200,FALSE,24,0,0
ntr,763.8659434,16300,FALSE,,0,0
nts,26789.41736,,FALSE,,0,0
ntw,11376.73732,0,FALSE,,0,0
nty,170.4173598,1100,FALSE,,0,0
ntz,110.9192566,7030,FALSE,,0,0
nua,1030.623163,2400,FALSE,40,0,0
nuc,7745.894168,425,FALSE,,0,0
nud,69.4982749,180,FALSE,20,0,0
nuf,855.6777372,12670,FALSE,,0,0
nug,12460.93123,0,FALSE,,0,0
nuh,30.48944741,350,FALSE,,0,0
nui,600.2022509,9200,FALSE,,0,0
nuj,1020.835285,341000,FALSE,25,0,0
nul,23.81962335,,TRUE,,26088.94093,898193.4239
num,46.26586666,690,TRUE,,1961358.146,3423658.298
nun,1157.117763,450,FALSE,26,0,0
nuo,520.7910489,1000,FALSE,,0,0
nup,16266.98604,800000,FALSE,29,0,0
nur,3.375301299,550,TRUE,,275549.0434,1562525.53
nus,96103.34751,891000,FALSE,32,0,0
nut,12323.39963,969000,FALSE,31,0,0
nuu,779.2919125,16000,FALSE,,0,0
nuv,1443.110624,45000,FALSE,,0,0
nux,62.7882535,6300,FALSE,19,0,0
nuy,2782.607509,110,FALSE,21,0,0
nuz,168.4248537,1550,FALSE,,0,0
nvh,58.04292801,5,TRUE,,518849.5524,1792338.995
nvm,67.78079997,1200,FALSE,,0,0
nwa,191654.0713,,FALSE,,0,0
nwb,4109.347771,42700,FALSE,,0,0
nwe,559.882491,73200,FALSE,41,0,0
nwi,151.126312,4500,TRUE,,371227.4147,1792462.04
nwm,438.4617305,1630,FALSE,,0,0
nwr,224.760497,190,FALSE,,0,0
nxa,166.2468883,15000,FALSE,,0,0
nxd,40103.34346,220000,FALSE,,0,0
nxe,810.0246243,50000,FALSE,,0,0
nxg,818.7168318,60000,FALSE,29,0,0
nxi,736.7124,100,FALSE,,0,0
nxl,332.4979462,1500,FALSE,,0,0
nxn,40556.53434,0,FALSE,,0,0
nxr,1715.224916,6150,FALSE,16,0,0
nxu,266.355268,,FALSE,,0,0
nxx,62.38454242,1630,FALSE,,0,0
nya,133357.3205,9779000,FALSE,30,0,0
nyb,45.38846972,6400,FALSE,,0,0
nyc,92.81301658,48000,FALSE,,0,0
nyd,250.376125,311000,FALSE,,0,0
nye,2339.771622,9380,FALSE,,0,0
nyf,12645.33309,944000,FALSE,,0,0
nyg,1155.554937,8400,FALSE,,0,0
nyh,19344.94905,63,FALSE,,0,0
nyi,731.5075954,70000,FALSE,29,0,0
nyj,6730.968937,150000,FALSE,,0,0
nyk,9282.381714,300000,FALSE,,0,0
nyl,17.52490999,200,FALSE,,0,0
nym,60758.48526,980000,FALSE,,0,0
nyn,17014.21234,2330000,FALSE,,0,0
nyo,12671.60239,667000,FALSE,30,0,0
nyp,8241.576827,15302,FALSE,,0,0
nyq,32114.77371,7030,FALSE,,0,0
nyr,583.3205282,10000,FALSE,,0,0
nys,122564.9244,410,FALSE,23,0,0
nyt,15292.65876,0,FALSE,16,0,0
nyu,38010.49478,439000,FALSE,25,0,0
nyv,2364.294976,0,FALSE,,0,0
nyw,4790.482161,,FALSE,,0,0
nyx,46685.75242,0,FALSE,,0,0
nyy,5179.475762,1105000,FALSE,25,0,0
nza,1361.652141,56000,FALSE,,0,0
nzb,17899.07627,135100,FALSE,32,0,0
nzi,4161.004215,328700,FALSE,39,0,0
nzk,21782.92606,50000,FALSE,33,0,0
nzm,259.9599013,34100,FALSE,,0,0
nzu,6431.207176,,FALSE,,0,0
nzy,2093.415305,31500,FALSE,,0,0
oaa,2957.703616,47,FALSE,27,0,0
oac,3947.264991,8,FALSE,27,0,0
obi,45.01698142,0,FALSE,,0,0
obl,6.247024963,0,FALSE,,0,0
obo,731.3235747,60000,FALSE,,0,0
obu,80.65957296,3420,FALSE,,0,0
oca,6358.663384,194,FALSE,29,0,0
oci,194145.2957,213810,FALSE,28,0,0
ocu,48.79749672,100,FALSE,,0,0
oda,1.393493769,,FALSE,,0,0
odk,130.3016888,50000,FALSE,,0,0
odu,237.2602641,18000,FALSE,34,0,0
ofo,152281.9393,,FALSE,20,0,0
ofu,223.1430184,10000,FALSE,,0,0
ogb,577.9714576,200000,FALSE,35,0,0
ogc,389.6278523,170000,FALSE,,0,0
ogg,165.7153418,10000,FALSE,,0,0
ogo,184.2725075,200000,FALSE,30,0,0
ogu,108.9007348,12000,FALSE,,0,0
oia,21.02627404,1220,TRUE,,25806.75979,602090.7442
oin,75.76895396,1300,FALSE,,0,0
ojb,2691.389534,20000,FALSE,,0,0
ojc,2328.42118,8000,FALSE,,0,0
ojg,461.2298592,25900,FALSE,18,0,0
ojs,1736.69855,10500,FALSE,,0,0
ojw,6834.575568,10000,FALSE,,0,0
oka,4442.057709,770,FALSE,42,0,0
okb,141.7874172,50000,FALSE,,0,0
okd,74.87985883,3600,FALSE,,0,0
oke,310.1925036,25400,FALSE,,0,0
oki,6359.204313,79000,FALSE,,0,0
okj,195.3050853,0,TRUE,,292641.4351,292641.4351
okk,13.78617292,150,FALSE,,0,0
okl,34452.99021,,FALSE,,0,0
okn,78.71161411,3200,TRUE,,439223.0344,672222.2255
okr,1147.4549,248000,FALSE,,0,0
oks,164.1437606,10000,FALSE,,0,0
oku,259.9977717,40000,FALSE,,0,0
okv,1603.210011,35000,FALSE,18,0,0
okx,80.16178115,8700,FALSE,,0,0
ola,276.735757,1500,FALSE,,0,0
old,979.8210627,597000,FALSE,,0,0
ole,22.96582348,500,FALSE,,0,0
olm,50.5280014,0,FALSE,,0,0
olo,31131.29166,30770,FALSE,,0,0
oma,815.648416,85,FALSE,24,0,0
omb,186.8927362,5000,TRUE,21,635242.1669,1886342.823
ome,965.6244396,,FALSE,,0,0
omg,2482.312869,,FALSE,,0,0
omi,1085.265872,91000,FALSE,,0,0
oml,7212.409307,8400,FALSE,20,0,0
omo,264.5179387,1170,FALSE,,0,0
omt,9852.246841,50,FALSE,,0,0
omu,9990.374523,0,FALSE,,0,0
omw,332.2203518,7000,FALSE,,0,0
o,151272.6071,2,FALSE,26,0,0
onb,2677.779385,600000,FALSE,,0,0
one,832.9854872,192,FALSE,16,0,0
ong,1139.740484,13700,FALSE,19,0,0
oni,94.82201627,500,FALSE,,0,0
onj,35.35238149,150,FALSE,,0,0
onk,197.0178918,300,FALSE,,0,0
onn,345.1906005,1000,FALSE,,0,0
ono,484.6208895,52,FALSE,15,0,0
onp,69.74751323,1000,FALSE,,0,0
onr,306.7847507,2000,FALSE,15,0,0
ons,303.8487578,10000,FALSE,22,0,0
ont,79.20428413,,FALSE,,0,0
onu,27.62295673,750,TRUE,,518849.5524,1792338.995
onx,347.4563142,,FALSE,,0,0
ood,15573.83741,14094,FALSE,25,0,0
oog,462.3418954,10300,FALSE,,0,0
oon,615.1927016,94,TRUE,,585820.6211,585820.6211
oor,24695.62826,32000,FALSE,,0,0
opa,960.0371855,30000,FALSE,,0,0
opk,1224.222172,400,FALSE,,0,0
opm,650.6654408,8000,FALSE,22,0,0
opo,127.5981636,1120,FALSE,,0,0
opt,20919.38871,15,FALSE,,0,0
opy,772.8725942,2,FALSE,,0,0
ora,21.83848229,38,TRUE,16,1107230.697,1790336.166
orc,38216.67987,66300,FALSE,,0,0
ore,3300.368293,220,FALSE,,0,0
org,430.8646594,75000,FALSE,,0,0
orh,23329.73838,1200,FALSE,,0,0
ori,101969.9638,,FALSE,41,0,0
orn,101.0046881,,FALSE,,0,0
oro,298.4658969,13000,FALSE,13,0,0
orr,55.09374682,5000,FALSE,,0,0
ors,1269.462496,,FALSE,,0,0
ort,2114.447939,200000,FALSE,24,0,0
oru,305.2219544,6050,FALSE,39,0,0
orw,324.0877787,2,FALSE,,0,0
orx,569.92108,75000,FALSE,,0,0
orz,277.0297562,500,FALSE,,0,0
osa,1297.19153,10,FALSE,23,0,0
osi,481.4303145,300000,FALSE,,0,0
oso,200.6710933,19000,FALSE,,0,0
oss,24541.7889,551000,FALSE,35,0,0
ost,47.4656111,400,FALSE,,0,0
osu,38.17690017,200,FALSE,,0,0
otd,35476.54298,78800,FALSE,19,0,0
ote,1615.934027,100000,FALSE,40,0,0
oti,117649.8419,0,FALSE,,0,0
otl,37.98577369,400,FALSE,,0,0
otm,320.6312399,49300,FALSE,,0,0
otn,418.776081,10000,FALSE,29,0,0
otq,1297.827012,33000,FALSE,,0,0
otr,170.4648233,10000,FALSE,30,0,0
ots,317.4013571,20000,FALSE,,0,0
ott,505.5110025,37000,FALSE,44,0,0
otu,40062.19824,0,FALSE,,0,0
otw,2371.450074,12500,FALSE,,0,0
otx,91.82473311,12000,FALSE,,0,0
otz,151.7858892,460,FALSE,,0,0
oua,2575.242439,5000,FALSE,,0,0
oub,650.3521969,6000,FALSE,,0,0
oue,60.2828321,1000,TRUE,,265963.7203,1421666.378
oum,328.9273445,0,FALSE,,0,0
oun,1491.009122,,FALSE,,0,0
owi,276.0210815,330,FALSE,,0,0
oyb,422.327363,11200,FALSE,,0,0
oyd,256.5459587,36900,FALSE,,0,0
oym,16827.912,1180,FALSE,,0,0
oyy,60.38139855,370,FALSE,,0,0
ozm,8006.078094,40000,FALSE,,0,0
pab,8667.832269,2000,FALSE,18,0,0
pac,1812.921522,32500,FALSE,30,0,0
pad,7162.864641,290,FALSE,,0,0
pae,6442.132425,28000,FALSE,,0,0
paf,30573.49251,50,FALSE,,0,0
pag,1216.124815,1160000,FALSE,19,0,0
pah,6237.399516,580,FALSE,22,0,0
pai,192.091805,4000,FALSE,,0,0
pak,2601.635884,900,FALSE,,0,0
pam,3315.784868,1900000,FALSE,19,0,0
pan,50674.56182,28200000,FALSE,37,0,0
pao,5511.97728,700,FALSE,33,0,0
pap,808.6604111,,TRUE,,26996.21267,26996.21267
paq,301.1554894,3000,FALSE,,0,0
par,148.4341932,20,FALSE,,0,0
pas,1695.76184,400,FALSE,,0,0
pat,20.26896029,520,TRUE,,273605.7652,1037507.438
pau,418.900991,14800,TRUE,19,820205.0061,2012057.714
pav,3746.84359,1930,FALSE,22,0,0
paw,100.9708404,10,FALSE,13,0,0
pax,123886.912,,FALSE,,0,0
pay,1262.227428,990,FALSE,,0,0
paz,7409.614485,5880,FALSE,,0,0
pbb,10734.08339,40000,FALSE,34,0,0
pbc,10798.83845,4700,FALSE,,0,0
pbe,69.86831522,2000,FALSE,,0,0
pbf,119.4284047,500,FALSE,,0,0
pbg,36834.12807,4326,FALSE,,0,0
pbh,19327.93953,3540,FALSE,,0,0
pbi,56.14617639,30000,FALSE,,0,0
pbl,139.8893774,5690,FALSE,,0,0
pbn,87.04362892,3000,FALSE,,0,0
pbo,419.619167,136000,FALSE,,0,0
pbp,777.7776207,12730,FALSE,27,0,0
pbr,3979.861732,95000,FALSE,,0,0
pbs,1910.717897,4350,FALSE,,0,0
pbt,263353.1519,10697000,FALSE,34,0,0
pbu,64467.00779,18711100,FALSE,36,0,0
pbv,1484.556423,247000,FALSE,,0,0
pby,17.78453363,100,FALSE,,0,0
pca,240.1862149,4000,FALSE,,0,0
pcb,418.7991193,1670,FALSE,26,0,0
pcc,25907.07667,2649100,FALSE,34,0,0
pcd,28975.14347,200000,FALSE,,0,0
pce,2314.881006,272000,FALSE,,0,0
pcf,267.806031,9520,FALSE,,0,0
pcg,326.8172296,94000,FALSE,,0,0
pch,328.2594654,,FALSE,,0,0
pci,5125.18674,51200,FALSE,26,0,0
pcj,256.3572238,0,FALSE,27,0,0
pck,3256.371644,64100,FALSE,,0,0
pcl,16509.42315,49300,FALSE,,0,0
pcm,35921.44851,0,FALSE,,0,0
pcn,179.1131187,8100,FALSE,,0,0
pcp,456.279742,17,FALSE,,0,0
pcr,3126.199239,,FALSE,,0,0
pcw,111.9858329,17300,FALSE,,0,0
pda,50.43277004,1070,FALSE,,0,0
pdc,107125.3487,118000,FALSE,,0,0
pdi,66.39284518,1300,FALSE,,0,0
pdn,77.93865742,280,FALSE,,0,0
pdo,790.2341187,5000,FALSE,,0,0
pdt,851521.4107,178900,FALSE,,0,0
pdu,4764.81972,133000,FALSE,,0,0
pea,17.25295785,,FALSE,,0,0
peb,1178.914046,0,FALSE,45,0,0
ped,11.60024115,1390,FALSE,,0,0
pee,105.1175138,350,FALSE,,0,0
pef,3580.446231,0,FALSE,31,0,0
peg,107.3328574,0,FALSE,30,0,0
peh,1759.180356,6000,FALSE,27,0,0
pei,180.2469279,1360,FALSE,24,0,0
pej,1602.969931,1,FALSE,33,0,0
pek,82.13642611,550,TRUE,,343582.4885,1086808.535
pel,2192.313413,,FALSE,,0,0
pem,17195.32269,420000,FALSE,,0,0
pep,1512.032954,290,FALSE,,0,0
peq,214.8288765,0,FALSE,36,0,0
pes,713279.1102,45025000,FALSE,26,0,0
pev,8605.008574,,FALSE,,0,0
pex,2.192358221,2000,TRUE,24,242952.6704,1442148.087
pey,2.782160333,,FALSE,,0,0
pez,3638.088592,10055,FALSE,,0,0
pfe,7682.479865,15000,FALSE,,0,0
pfl,3601.563705,0,FALSE,,0,0
pga,81816.51944,,FALSE,,0,0
pgg,1487.826797,17000,FALSE,,0,0
pgi,733.4220239,2140,FALSE,,0,0
pgk,17.95584131,380,TRUE,24,518849.5524,1792338.995
pgs,114.5800299,0,FALSE,,0,0
pgu,355.1412937,3310,FALSE,,0,0
pgy,68.42919334,,FALSE,,0,0
pha,118.6143008,33610,FALSE,,0,0
phd,19356.20385,1010,FALSE,,0,0
phg,607.7259973,15100,FALSE,,0,0
phh,61.12855668,5000,FALSE,,0,0
phk,162.1528386,2000,FALSE,,0,0
phl,275.4651876,10000,FALSE,42,0,0
phm,2950.333033,6000,FALSE,,0,0
pho,1141.200838,35600,FALSE,38,0,0
phq,353.7854448,350,FALSE,,0,0
phr,15291.44668,2500000,FALSE,,0,0
pht,20417.31532,866000,FALSE,,0,0
phu,3802.827895,307000,FALSE,,0,0
phv,301.9340675,,FALSE,,0,0
phw,26.01053387,,FALSE,,0,0
pia,1855.980346,650,FALSE,23,0,0
pib,3442.314847,4000,FALSE,22,0,0
pic,327.5770846,5000,FALSE,,0,0
pid,53760.02391,14580,FALSE,,0,0
pie,8180.398681,,FALSE,,0,0
pif,0.001438211,2500,TRUE,,1491469.277,2751792.006
pig,1902.803905,,FALSE,,0,0
pih,61.08109926,436,TRUE,,741277.3347,1390172.224
pii,26011.45865,10,FALSE,,0,0
pij,9740.017681,,FALSE,,0,0
pil,4259.989899,300000,FALSE,,0,0
pim,27324.45449,3000,FALSE,16,0,0
pin,237.8260756,100,FALSE,,0,0
pio,20883.20352,6380,FALSE,,0,0
pip,673.6541371,25000,FALSE,,0,0
pir,651.9334419,1880,FALSE,,0,0
pis,48.0787198,,TRUE,,592498.867,1459672.609
pit,78302.71073,0,FALSE,25,0,0
piu,45657.02882,1690,FALSE,21,0,0
piv,0.033669576,1660,TRUE,25,1126070.357,2099494.482
piw,3799.173935,29000,FALSE,,0,0
pix,16.63025022,100,FALSE,,0,0
piy,395.5804022,5000,FALSE,,0,0
piz,227.8297584,180,FALSE,,0,0
pjt,337755.2696,2660,FALSE,21,0,0
pkb,2320.766625,95000,FALSE,,0,0
pkg,23.47861816,970,TRUE,,356766.0703,1106534.935
pkh,3485.0485,3200,FALSE,,0,0
pkn,2522.466093,,FALSE,,0,0
pko,21720.92708,703400,FALSE,22,0,0
pkp,2.582301999,450,TRUE,,3146270.542,4608571.576
pkr,1190.45319,1370,FALSE,,0,0
pkt,2426.346291,700,FALSE,,0,0
pku,85.3707669,3500,FALSE,,0,0
pla,142.5684078,1500,FALSE,,0,0
plb,48.42413783,120,TRUE,,569961.3384,1795687.399
plc,1120.266876,12000,FALSE,,0,0
ple,41.9561182,10000,FALSE,,0,0
plg,36715.43449,4000,FALSE,,0,0
plh,3.755416125,50,FALSE,,0,0
pli,20881.62233,0,FALSE,,0,0
plj,582.8075295,22000,FALSE,,0,0
plk,1571.688643,200000,FALSE,,0,0
pll,3346.064252,150000,FALSE,32,0,0
pln,353.6972614,,FALSE,,0,0
plo,46.24982929,120,FALSE,,0,0
plp,49.15928623,,FALSE,,0,0
plr,2182.616799,8000,FALSE,,0,0
pls,90.48257375,8440,FALSE,,0,0
plt,135416.821,7520000,FALSE,26,0,0
plu,2212.575291,1540,FALSE,,0,0
plv,1313.62027,12000,FALSE,,0,0
plw,959.2964287,14400,FALSE,,0,0
ply,99.53188123,500,FALSE,,0,0
plz,3173.893149,5500,FALSE,,0,0
pma,31.3841893,6000,TRUE,21,568484.8739,1863405.784
pmb,2759.748118,21000,FALSE,,0,0
pmc,314.2957613,,FALSE,,0,0
pme,251.5216427,290,FALSE,,0,0
pmf,13689.98656,137000,FALSE,,0,0
pmi,5192.562255,35000,FALSE,,0,0
pmj,3922.914505,19000,FALSE,,0,0
pml,15662.82694,,FALSE,,0,0
pmm,1654.647391,44130,FALSE,,0,0
pmn,6.633229694,30,FALSE,,0,0
pmo,100.9124856,2000,TRUE,,22739.93143,1105716.838
pmq,5729.879326,5620,FALSE,27,0,0
pmr,28.47586773,150,FALSE,,0,0
pms,8108.274909,1600000,FALSE,,0,0
pmt,69.08485273,4000,TRUE,16,4156160.482,5421161.757
pmu,6968.171813,,FALSE,,0,0
pmw,11.26691829,,FALSE,21,0,0
pmx,814.5768291,51000,FALSE,,0,0
pmy,312118.4054,500000,FALSE,,0,0
pmz,7542.265631,0,FALSE,,0,0
p,272.9488585,450,FALSE,,0,0
pnb,83231.56449,62510000,FALSE,41,0,0
pnc,331.478772,9000,FALSE,,0,0
pne,1216.075407,3400,FALSE,,0,0
png,1503.289973,30000,FALSE,,0,0
pnh,0.204638725,200,TRUE,,3954861.857,5467266.605
pni,3893.217276,2630,FALSE,,0,0
pnm,58.26900368,30,FALSE,,0,0
pnn,791.318423,600,FALSE,,0,0
pno,13909.57832,0,FALSE,,0,0
pnp,1304.745628,6000,TRUE,,5792.67205,979283.6379
pnq,1716.85242,7800,FALSE,,0,0
pnr,24.92439471,420,FALSE,,0,0
pns,209.3979364,3000,FALSE,,0,0
pnt,12179.5375,400000,FALSE,,0,0
pnu,114.4407406,1080,FALSE,,0,0
pnv,6501.392886,,FALSE,,0,0
pnw,7708.331983,98,FALSE,,0,0
pnx,3284.187873,1000,FALSE,,0,0
pny,265.2070871,24600,FALSE,,0,0
pnz,4104.413586,85980,FALSE,,0,0
poa,221.0382216,,FALSE,,0,0
pob,569.530133,,FALSE,29,0,0
poc,62.94748291,49000,FALSE,27,0,0
pod,9778.473231,,FALSE,,0,0
poe,159.1557158,5000,FALSE,,0,0
pof,4236.02721,46000,FALSE,,0,0
pog,88983.26813,,FALSE,,0,0
poh,315.1472617,92200,FALSE,,0,0
poi,824.703094,30000,FALSE,27,0,0
pok,108.777812,,FALSE,,0,0
pol,311633.9539,36800550,FALSE,35,0,0
pom,19.3315896,,FALSE,32,0,0
pon,338.0283482,29000,TRUE,22,1366598.448,2579016.994
poo,153.0832305,2,FALSE,35,0,0
pop,380.5531346,40,FALSE,,0,0
poq,59.35938735,100,FALSE,,0,0
por,7030030.285,,FALSE,29,0,0
pos,71.3719627,3030,FALSE,26,0,0
pot,1159.567877,50,FALSE,17,0,0
pou,46.96048762,,FALSE,,0,0
pov,26518.35305,206000,FALSE,,0,0
pow,102.4049304,3000,FALSE,,0,0
poy,5380.890975,185000,FALSE,,0,0
ppa,22928.10781,,FALSE,,0,0
ppe,24.87197168,70,FALSE,,0,0
ppi,369.1929074,100,FALSE,29,0,0
ppk,2240.026254,20000,FALSE,,0,0
ppl,4043.96012,20,FALSE,18,0,0
ppm,22.04228696,600,TRUE,,22739.93143,1105716.838
ppn,28.54367584,120,TRUE,,265963.7203,1421666.378
ppo,2921.39089,3000,FALSE,23,0,0
ppp,6065.39363,,FALSE,,0,0
ppq,33.93550714,50,FALSE,,0,0
ppr,48.15189979,,FALSE,,0,0
pps,59.19778297,4730,FALSE,,0,0
ppt,7326.166979,2000,FALSE,21,0,0
ppu,711.9885112,0,FALSE,,0,0
ppv,1443.299985,,FALSE,,0,0
pqa,388.957668,8000,FALSE,32,0,0
pqm,1072.466519,590,FALSE,17,0,0
prb,925.8207552,,FALSE,,0,0
prc,374.5221384,3500,FALSE,45,0,0
pre,106.3221857,200,TRUE,,215279.9379,215279.9379
prg,31037.22485,0,FALSE,22,0,0
prh,226.3286919,23000,TRUE,,68821.56527,1593606.908
pri,2323.544053,7250,FALSE,28,0,0
prk,16780.25948,799000,FALSE,29,0,0
prm,107.755587,1180,FALSE,,0,0
prn,702.5016396,8000,FALSE,,0,0
prp,14934.81926,,FALSE,,0,0
prq,1009.386628,5500,FALSE,,0,0
prr,130478.866,0,FALSE,,0,0
prs,343718.5222,7600000,FALSE,27,0,0
prt,3003.930024,41900,FALSE,,0,0
pru,550.8810981,700,FALSE,,0,0
prw,217.1622227,430,FALSE,,0,0
prx,6098.718397,37700,FALSE,,0,0
pry,318.6801955,,FALSE,,0,0
psa,3637.699947,6500,FALSE,21,0,0
pse,22214.69149,,FALSE,,0,0
psh,275.2698367,100000,FALSE,46,0,0
psi,645.2951728,180000,FALSE,35,0,0
psm,13805.12424,46,FALSE,,0,0
psn,105.4138371,800,FALSE,,0,0
psq,59.56165434,360,FALSE,,0,0
pss,993.0830173,4000,FALSE,,0,0
pst,35850.79863,6520000,FALSE,,0,0
psw,49.00458813,1200,TRUE,,518849.5524,1792338.995
psy,26004.01969,0,FALSE,,0,0
pta,22896.2137,600,FALSE,,0,0
pth,62103.45075,2950,FALSE,,0,0
pti,81202.37893,320,FALSE,,0,0
ptn,328.8150839,10600,FALSE,,0,0
pto,571.8946071,150,FALSE,,0,0
ptp,123.8762243,1700,FALSE,30,0,0
ptr,194.1947694,150,TRUE,,569961.3384,1795687.399
ptt,1215.69872,50000,FALSE,,0,0
ptu,829.8412685,22000,FALSE,,0,0
ptv,99.01791516,1300,TRUE,,574373.1089,1852762.285
pty,1160.439211,1000,FALSE,,0,0
pua,8020.530582,135000,FALSE,,0,0
pub,821.0480298,500,FALSE,,0,0
puc,1095.711732,,FALSE,,0,0
pud,3407.537436,370,FALSE,,0,0
pue,312601.2501,,FALSE,24,0,0
puf,152.2494403,140,FALSE,,0,0
pug,1359.461675,14300,FALSE,,0,0
pui,7091.858711,2880,FALSE,24,0,0
puj,5481.273378,2000,FALSE,,0,0
pum,62.6536995,6690,FALSE,,0,0
puo,3537.075703,26570,FALSE,,0,0
pup,25.30938933,120,FALSE,,0,0
pur,1752.539833,2,FALSE,,0,0
put,5511.572721,,FALSE,,0,0
puu,14627.42814,132060,FALSE,,0,0
puw,1.078592655,1360,TRUE,,1232874.537,2071600.473
pux,421.0399422,35,FALSE,,0,0
puy,21.72700243,0,FALSE,,0,0
puz,893.7764351,,FALSE,,0,0
pwa,4368.166582,4000,FALSE,17,0,0
pwb,67.57935227,3500,FALSE,,0,0
pwg,306.0521424,3000,FALSE,,0,0
pwm,342.6390895,13680,TRUE,,11497.225,939481.3843
pwn,2051.275806,66100,FALSE,27,0,0
pwo,41914.6855,210000,FALSE,29,0,0
pwr,18441.98172,426000,FALSE,,0,0
pww,2352.059843,60000,FALSE,34,0,0
pxm,392.4734552,,FALSE,,0,0
pye,3353.300536,20000,FALSE,,0,0
pym,258.3042008,3000,FALSE,32,0,0
pyn,3903.505257,,FALSE,,0,0
pyu,397.2024319,8490,FALSE,24,0,0
pyy,183.8735702,600,FALSE,,0,0
pzn,845.8554825,1500,FALSE,,0,0
qua,60.58373402,34,FALSE,,0,0
qub,4330.652296,40000,FALSE,,0,0
quc,3361.79137,2330000,FALSE,28,0,0
qud,5224.9462,25000,FALSE,,0,0
quf,7710.617557,20000,FALSE,,0,0
qug,15025.88869,800000,FALSE,,0,0
quh,184258.7786,2785120,FALSE,29,0,0
qui,63.31980598,,FALSE,35,0,0
quj,501.8293031,,FALSE,,0,0
quk,2586.717343,7000,FALSE,,0,0
qul,11634.63276,116000,FALSE,,0,0
qum,24.68680903,8000,FALSE,,0,0
qun,3823.117824,1500,FALSE,,0,0
qup,9963.237292,1550,FALSE,25,0,0
qur,924.6721374,20500,FALSE,,0,0
qus,113939.6386,60000,FALSE,20,0,0
qut,1230.827671,,FALSE,,0,0
quu,319.1215762,,FALSE,,0,0
quv,117.9191888,15000,FALSE,,0,0
quw,8890.516635,20000,FALSE,,0,0
qux,4664.342074,6500,FALSE,,0,0
quy,68337.10341,900000,FALSE,19,0,0
quz,51558.02037,1500000,FALSE,31,0,0
qva,6449.184495,90000,FALSE,,0,0
qvc,5696.867546,30000,FALSE,,0,0
qve,13840.61311,200000,FALSE,,0,0
qvh,5984.508925,72400,FALSE,,0,0
qvi,4655.720312,150000,FALSE,,0,0
qvj,1586.829732,30500,FALSE,,0,0
qvl,2631.057201,7000,FALSE,,0,0
qvm,4077.940258,83400,FALSE,,0,0
qvn,10685.09938,60000,FALSE,,0,0
qvo,28286.6484,24000,FALSE,,0,0
qvp,1218.86326,250,FALSE,,0,0
qvs,11553.7579,15000,FALSE,17,0,0
qvw,6772.695524,250000,FALSE,22,0,0
qvy,1913.719754,7000,FALSE,,0,0
qvz,16217.44396,10000,FALSE,,0,0
qwa,1473.480346,4000,FALSE,,0,0
qwc,2428.273067,,FALSE,,0,0
qwh,10907.05814,336000,FALSE,22,0,0
qws,1029.421984,6500,FALSE,,0,0
qxa,3681.775234,10000,FALSE,,0,0
qxc,11045.62697,6000,FALSE,,0,0
qxh,3026.299438,50000,FALSE,,0,0
qxi,95.92302649,,FALSE,,0,0
qxl,1234.121965,14300,FALSE,,0,0
qxn,2981.767859,250000,FALSE,,0,0
qxo,5057.218203,250000,FALSE,,0,0
qxp,39237.97898,500000,FALSE,,0,0
qxq,53837.20267,1500000,FALSE,,0,0
qxr,5476.119144,100000,FALSE,,0,0
qxs,9329.676876,81300,FALSE,,0,0
qxt,254.9090282,10000,FALSE,,0,0
qxu,9690.676302,18600,FALSE,,0,0
qxw,6192.748328,25000,FALSE,,0,0
raa,237.263721,6260,FALSE,,0,0
rab,560.435365,76800,FALSE,,0,0
rac,110.2927553,200,FALSE,,0,0
rad,13617.87672,177000,FALSE,,0,0
raf,218.7119745,0,FALSE,,0,0
rag,6038.941211,618300,FALSE,,0,0
rah,819.4580948,165000,FALSE,,0,0
rai,54.5507606,10300,TRUE,18,10553.4878,1299617.377
rak,301.3236536,1400,TRUE,,273605.7652,1037507.438
ral,517.5407574,900,FALSE,,0,0
ram,5129.002949,2500,FALSE,,0,0
ran,1555.459068,1100,FALSE,22,0,0
rao,2111.058698,6000,FALSE,,0,0
rap,159.1491721,2400,TRUE,18,3507666.744,3507666.744
raq,79.85955866,530,FALSE,,0,0
rar,167.9603413,13100,TRUE,15,2766994.943,4734875.597
ras,1043.527811,35700,FALSE,24,0,0
rat,2683.387481,0,FALSE,,0,0
rau,304.5507748,460,FALSE,,0,0
rav,503.1216958,18300,FALSE,,0,0
raw,14044.07008,63000,FALSE,28,0,0
rax,1657.138404,0,FALSE,,0,0
ray,37.28231294,300,TRUE,,3619982.486,5995314.853
raz,390.0097237,5000,FALSE,,0,0
rbb,1723.654344,140600,FALSE,,0,0
rcf,2522.464229,,TRUE,,676379.33,1664234.569
rdb,758.8699661,0,FALSE,,0,0
rea,15.98532373,590,FALSE,,0,0
reb,750.205584,5000,FALSE,,0,0
ree,1022.823092,3030,FALSE,25,0,0
reg,164.8302645,86000,FALSE,,0,0
rei,168.0413334,22000,FALSE,,0,0
rej,5873.206484,350000,FALSE,,0,0
rel,15616.25108,60000,FALSE,24,0,0
rem,6431.627161,0,FALSE,,0,0
ren,1706.801981,18000,FALSE,27,0,0
rer,37363.56914,,FALSE,,0,0
res,767.0139681,44000,FALSE,,0,0
ret,2.754602495,800,TRUE,,89904.15568,646734.0424
rey,23566.87494,4850,FALSE,,0,0
rga,75.10670128,75,TRUE,,569961.3384,1795687.399
rgk,3870.991133,1014,FALSE,,0,0
rgr,850.9021444,14,FALSE,37,0,0
rgs,4417.108402,41000,FALSE,,0,0
rgu,226.5733764,12000,TRUE,,12375.14645,457685.6907
rhg,59.32793932,1000000,FALSE,,0,0
rhp,111.2332486,1430,FALSE,18,0,0
ria,1403.975514,77000,FALSE,,0,0
rif,15225.31548,1270000,FALSE,33,0,0
ril,656.3060231,15500,FALSE,27,0,0
rim,11990.59012,595000,FALSE,34,0,0
rin,475.3149758,50000,FALSE,,0,0
rir,1689.061373,45000,FALSE,,0,0
rit,15179.33496,32,FALSE,29,0,0
riu,428.6493569,14000,FALSE,,0,0
rjg,77.6662565,6000,FALSE,,0,0
rji,268.8384401,3760,FALSE,,0,0
rjs,719.8172182,143000,FALSE,,0,0
rka,49.69773927,4200,FALSE,,0,0
rkb,4054.49501,40,FALSE,,0,0
rkh,1.877273126,320,TRUE,,3654520.174,5115872.388
rki,12917.87182,1000000,FALSE,,0,0
rkm,8592.2151,225000,FALSE,,0,0
rkt,14548.18203,15000000,FALSE,,0,0
rma,830.3574975,24,FALSE,,0,0
rmb,6384.858715,36,FALSE,,0,0
rmc,382.1624606,111100,FALSE,38,0,0
rme,1630.588307,90000,FALSE,,0,0
rmf,17492.14945,10000,FALSE,,0,0
rmh,834.305493,290,FALSE,,0,0
rmi,9977.749081,50,FALSE,,0,0
rmk,167.5978604,630,FALSE,,0,0
rmm,31.69543554,1700,TRUE,,81132.41566,623607.9813
rmn,554.6450456,335300,FALSE,31,0,0
rmp,56.41873056,1590,FALSE,,0,0
rmt,190033.6911,1583000,FALSE,,0,0
rmu,29208.23922,,FALSE,,0,0
rmw,1852.53839,,FALSE,39,0,0
rmx,101.1345898,200,FALSE,,0,0
rmy,90.1915565,4000,FALSE,,0,0
rmz,10052.17676,180600,FALSE,,0,0
r,12016.18478,,FALSE,,0,0
rnd,56405.07427,251500,FALSE,,0,0
rng,5818.530757,722000,FALSE,39,0,0
rnl,304.9664016,8000,FALSE,,0,0
rnn,38.94538881,1100,TRUE,,2055.838239,996136.4695
rnp,21888.15767,7500,FALSE,,0,0
rnw,424.4768879,18000,FALSE,,0,0
rob,1365.564192,340000,FALSE,,0,0
roc,188.5642916,3000,FALSE,,0,0
rod,7217.807142,0,FALSE,,0,0
roe,31.04599609,450,FALSE,,0,0
rof,682.7553829,0,FALSE,,0,0
rog,1572.073783,52900,FALSE,43,0,0
roh,4078.426194,35100,FALSE,40,0,0
rol,626.3944131,94000,TRUE,,19045.48502,1286427.646
ron,281703.8828,23079000,FALSE,29,0,0
roo,1322.185861,4320,TRUE,12,265963.7203,1421666.378
rop,1353129.525,4200,FALSE,,0,0
ror,78.52476162,4000,FALSE,,0,0
rou,50928.48169,43000,FALSE,,0,0
row,111.580688,7000,TRUE,,12375.14645,457685.6907
rpn,39.57557393,,TRUE,,518849.5524,1792338.995
rpt,17.86582131,330,FALSE,,0,0
rri,102.9365548,18,TRUE,,491307.7385,1513131.779
rro,586.3544569,15000,FALSE,15,0,0
rsl,2847.496876,,FALSE,,0,0
rth,410.3277059,500,FALSE,,0,0
rtm,35.36025413,9000,TRUE,20,1508694.835,2898695.379
rtw,11791.95899,451000,FALSE,,0,0
rub,935.0807466,49000,FALSE,,0,0
ruc,5514.318404,160000,FALSE,,0,0
rue,10761.58843,614200,FALSE,,0,0
ruf,3212.21215,692000,FALSE,,0,0
rug,907.0524708,9870,TRUE,23,603020.0452,1474476.658
ruh,2702.876668,0,FALSE,,0,0
rui,7708.370495,,FALSE,,0,0
ruk,352.6559991,100000,FALSE,,0,0
run,26710.03743,10000000,FALSE,32,0,0
ruo,4737.378168,300,FALSE,30,0,0
rup,19981.58085,88740,FALSE,34,0,0
ruq,505.3702749,5000,FALSE,35,0,0
rus,9225406.465,,FALSE,26,0,0
rut,1724.921371,47400,FALSE,42,0,0
ruu,375.945486,0,FALSE,,0,0
ruy,75.8836686,,FALSE,,0,0
ruz,74.45506622,,FALSE,,0,0
rwa,153.2510663,640,FALSE,,0,0
rwk,1136.762003,90000,FALSE,,0,0
rwm,288.5284342,40100,FALSE,,0,0
rwo,906.043556,11500,FALSE,23,0,0
rwr,240487.0073,5622600,FALSE,,0,0
ryn,483.8909129,10000,TRUE,28,290691.475,695429.4137
rys,532.3441209,0,TRUE,,183779.2838,421401.4273
ryu,516.5566886,984000,TRUE,21,495144.5412,544728.8471
saa,1943.841609,1340,FALSE,,0,0
sab,2521.068521,18000,FALSE,,0,0
sac,208.2678292,200,FALSE,16,0,0
sad,4932.160527,40000,FALSE,53,0,0
sae,785.1772046,7,FALSE,,0,0
saf,313.4110565,4000,FALSE,,0,0
sag,62576.19588,350000,FALSE,,0,0
sah,1442687.244,450000,FALSE,28,0,0
saj,294.1118054,7500,FALSE,,0,0
sak,1483.58717,1000,FALSE,,0,0
sam,1531.923839,620,FALSE,,0,0
san,181.7441662,14100,FALSE,38,0,0
sao,2620.204823,250,FALSE,,0,0
sap,23586.55339,,FALSE,,0,0
saq,25848.02663,237000,FALSE,,0,0
sar,4780.275387,0,FALSE,,0,0
sas,4309.672135,2100000,TRUE,,11362.18653,1080284.829
sat,36771.41537,6214900,FALSE,41,0,0
sau,175.6151174,4800,FALSE,,0,0
sav,376.8296806,200000,FALSE,,0,0
saw,1583.633688,3500,FALSE,19,0,0
sax,87.47743423,2500,TRUE,,615633.4504,1894289.56
say,712.2422163,300000,FALSE,38,0,0
saz,371.3754374,185000,FALSE,,0,0
sba,17339.23216,896000,FALSE,29,0,0
sbb,13.11688799,2700,TRUE,23,581400.713,1422422.808
sbc,81.79309271,600,TRUE,22,273605.7652,1037507.438
sbd,2724.941612,85000,FALSE,30,0,0
sbe,51.69320179,2500,FALSE,,0,0
sbf,393.6917973,400,FALSE,,0,0
sbg,1535.722754,1200,FALSE,,0,0
sbh,1.076969065,570,TRUE,,273605.7652,1037507.438
sbi,30.49920878,160,FALSE,,0,0
sbj,386.227779,7890,FALSE,,0,0
sbk,4297.8718,158000,FALSE,,0,0
sbl,616.8001289,32900,FALSE,,0,0
sbm,7886.491525,79000,FALSE,,0,0
sbn,4280.612459,56500,FALSE,,0,0
sbo,30.7526187,,FALSE,29,0,0
sbp,11378.92335,75000,FALSE,30,0,0
sbq,166.3757447,260,FALSE,,0,0
sbr,3506.601469,3180,FALSE,,0,0
sbs,17832.98357,30950,FALSE,26,0,0
sbt,1047.483271,500,FALSE,,0,0
sbu,1168.603671,2500,FALSE,,0,0
sbw,408.7332077,3000,FALSE,,0,0
sbx,7185.98495,37000,FALSE,,0,0
sby,3287.658513,34100,FALSE,,0,0
sbz,12250.75475,13600,FALSE,,0,0
sca,113.56825,,FALSE,,0,0
scb,476.3750525,1250,FALSE,,0,0
sce,2444.384762,200000,FALSE,,0,0
scg,4495.573622,45000,FALSE,,0,0
sch,2237.124763,25000,FALSE,,0,0
sci,90.62483046,,FALSE,,0,0
sck,25098.83965,3291180,FALSE,,0,0
scl,10501.66071,371400,FALSE,,0,0
scn,25503.94964,4700000,FALSE,30,0,0
sco,82381.10216,100000,FALSE,,0,0
scp,389.4867716,10200,FALSE,,0,0
scq,546.8958622,10,FALSE,,0,0
scs,338.0992152,230,FALSE,40,0,0
scu,119.0120299,2170,FALSE,,0,0
scv,1.6873588,6,FALSE,,0,0
scw,148.2699571,3000,FALSE,,0,0
sda,3234.969687,750000,FALSE,21,0,0
sdb,12500.46892,10000,FALSE,,0,0
sdc,880.9532184,100000,FALSE,,0,0
sde,101.711519,7170,FALSE,,0,0
sdf,9597.230478,0,FALSE,,0,0
sdg,1041.505922,3000,FALSE,,0,0
sdh,52485.4956,3000000,FALSE,,0,0
sdj,3818.148646,121000,FALSE,,0,0
sdm,4007.204458,20000,FALSE,,0,0
sdn,1582.157697,100000,FALSE,,0,0
sdo,1665.932103,49100,FALSE,30,0,0
sdp,273.9561196,3100,FALSE,,0,0
sdr,30520.61637,166000,FALSE,,0,0
sds,7515.151778,,FALSE,,0,0
sdt,29083.01128,,FALSE,,0,0
sdu,192.4652524,4000,FALSE,,0,0
sdx,249.9530643,420,FALSE,,0,0
sdz,1686.616409,,FALSE,,0,0
sea,9786.940186,10000,FALSE,29,0,0
seb,1719.70092,,FALSE,,0,0
sec,11.00557596,15,FALSE,,0,0
sed,1606.026169,97000,FALSE,32,0,0
see,875.5269057,100,FALSE,17,0,0
sef,32721.10927,862000,FALSE,33,0,0
seg,180.9001264,7000,FALSE,,0,0
seh,82777.74035,1340000,FALSE,33,0,0
sei,1626.610121,900,FALSE,24,0,0
sej,22.64160763,,FALSE,,0,0
sek,669.7726045,60,FALSE,,0,0
sel,40193.9151,1020,FALSE,29,0,0
sen,3247.998989,50000,FALSE,,0,0
seo,438.2160088,140,FALSE,,0,0
sep,2125.200009,38000,FALSE,,0,0
seq,1497.583381,50000,FALSE,,0,0
ser,174.4556177,,FALSE,29,0,0
ses,12273.6941,430000,FALSE,27,0,0
set,363.5256884,30000,FALSE,17,0,0
seu,20.24251007,1200,TRUE,,8648.80326,1073794.671
sev,1514.281385,60000,FALSE,,0,0
sew,222.6181842,1520,TRUE,,16582.84765,813059.721
sey,5215.455605,1230,FALSE,20,0,0
sez,1582.339746,33000,FALSE,,0,0
sfb,3717.336762,,FALSE,,0,0
sfm,4206.846433,84000,FALSE,,0,0
sfs,18945.09075,,FALSE,,0,0
sfw,6575.062658,250000,FALSE,,0,0
sgb,145.9306034,8200,FALSE,,0,0
sgc,7542.069749,1916000,FALSE,23,0,0
sge,7862.735011,2000,FALSE,,0,0
sgh,11051.83142,80000,FALSE,33,0,0
sgi,1998.80755,10000,FALSE,,0,0
sgk,131.8705087,1500,FALSE,,0,0
sgl,659.8971483,,FALSE,37,0,0
sgm,10736.438,0,FALSE,,0,0
sgo,15649.54638,,FALSE,,0,0
sgp,2279.987645,2500,FALSE,,0,0
sgr,68.64365748,36000,FALSE,,0,0
sgt,480.05354,5000,FALSE,,0,0
sgu,121.4555136,50,FALSE,,0,0
sgw,2066.729332,440000,FALSE,32,0,0
sgx,179.3224273,,FALSE,,0,0
sgz,666.271109,3000,TRUE,21,30019.16703,1261134.28
sha,176.4949418,8900,FALSE,,0,0
shb,25508.69694,900,FALSE,21,0,0
shc,4102.043719,96000,FALSE,,0,0
she,1983.937342,38400,FALSE,,0,0
shg,28812.58236,6000,FALSE,58,0,0
shh,6820.60503,1000,FALSE,31,0,0
shi,102088.9076,3890000,FALSE,28,0,0
shj,419.2681527,15000,FALSE,34,0,0
shk,14639.52052,175000,FALSE,28,0,0
shl,51.43828557,0,FALSE,,0,0
shm,2398.996014,0,FALSE,,0,0
shn,79854.10119,3295000,FALSE,29,0,0
sho,491.4662856,6000,FALSE,,0,0
shp,32593.55595,26000,FALSE,20,0,0
shq,5183.707141,23500,FALSE,,0,0
shr,6015.061192,654000,FALSE,,0,0
shs,829.9026919,680,FALSE,43,0,0
sht,12007.55205,12,FALSE,25,0,0
shu,167370.1856,,FALSE,31,0,0
shv,10963.28134,25000,FALSE,43,0,0
shw,130.2851724,3500,FALSE,31,0,0
shx,382.1415776,910,FALSE,,0,0
shy,37576.38732,1400000,FALSE,,0,0
shz,3917.773512,,FALSE,,0,0
sia,38334.32254,100,FALSE,,0,0
sib,687.9391228,1730,FALSE,,0,0
sic,1178.845515,,FALSE,,0,0
sid,4877.236826,2980000,FALSE,31,0,0
sie,6585.117255,16700,FALSE,,0,0
sif,327.2009668,20000,FALSE,32,0,0
sig,2110.262325,36000,FALSE,,0,0
sih,19.69324074,,FALSE,,0,0
sii,165.7158179,400,TRUE,,199201.8898,495764.5898
sij,38.52705535,200,FALSE,,0,0
sik,346.4299687,,FALSE,,0,0
sil,2620.881537,105000,FALSE,35,0,0
sim,85.82325513,5700,FALSE,,0,0
sin,54144.77197,15500000,FALSE,32,0,0
sip,1202.186904,70300,FALSE,,0,0
siq,43.07285995,400,FALSE,,0,0
sir,630.3641735,3800,FALSE,,0,0
sis,443.3857479,0,FALSE,28,0,0
siu,22.91587857,330,FALSE,,0,0
siv,62.31118285,80,FALSE,,0,0
siw,616.4294852,6600,TRUE,,265963.7203,1421666.378
six,47.01560299,2580,FALSE,,0,0
siy,4824.146681,7030,FALSE,,0,0
siz,9.793488716,20000,FALSE,,0,0
sja,4603.878629,3750,FALSE,23,0,0
sjb,3442.907094,6000,FALSE,,0,0
sjd,42049.20421,350,FALSE,,0,0
sje,1465.105429,20,FALSE,,0,0
sjg,1883.962659,23500,FALSE,29,0,0
sjl,4147.281177,6500,FALSE,,0,0
sjm,194.9167998,58000,FALSE,,0,0
sjo,2521.188633,30000,FALSE,30,0,0
sjp,11554.63912,1220000,FALSE,,0,0
sjr,1384.606464,2080,TRUE,,30019.16703,1261134.28
sjs,3710.104003,50000,FALSE,,0,0
sjt,24469.11982,350,FALSE,,0,0
sju,723.0884767,20,FALSE,,0,0
sjw,286.2903136,200,FALSE,18,0,0
ska,61.55832218,,FALSE,,0,0
skb,487.7739979,14730,FALSE,30,0,0
skc,37.04235574,1500,FALSE,,0,0
skd,1799.036031,7,FALSE,23,0,0
ske,17.24867661,300,TRUE,,615633.4504,1894289.56
skf,166.6143998,25,FALSE,,0,0
skg,156635.604,350000,FALSE,,0,0
skh,669.3128631,20000,TRUE,,115226.9047,497072.4427
ski,1146.772503,175000,FALSE,28,0,0
skj,60.1381871,700,FALSE,,0,0
skk,716.5039382,,FALSE,,0,0
skm,187.8722511,1300,FALSE,,0,0
skn,1443.616685,20000,FALSE,,0,0
sko,189.6449782,2500,FALSE,,0,0
skp,107.5114416,750,FALSE,,0,0
skq,0.079098962,6000,FALSE,,0,0
skr,64043.69108,13968000,FALSE,,0,0
sks,400.1849924,4350,FALSE,,0,0
skt,17741.10779,75000,FALSE,,0,0
sku,303.2970586,4000,TRUE,30,569961.3384,1795687.399
skv,250.0322261,700,FALSE,23,0,0
skw,15583.00775,0,FALSE,,0,0
skx,267.9569302,5000,FALSE,,0,0
skz,33.67500981,450,FALSE,,0,0
slc,2501.450607,1550,FALSE,,0,0
sld,1222.253105,13000,FALSE,,0,0
sle,437.712669,24000,FALSE,,0,0
slg,823.6097616,1240,FALSE,,0,0
slh,212.9330406,210,FALSE,,0,0
sli,13718.70822,12000,FALSE,,0,0
slj,905.401165,,FALSE,,0,0
slk,45034.62893,4839890,FALSE,31,0,0
sll,135.8128391,6500,FALSE,21,0,0
slm,119.3228676,35200,TRUE,,101543.8073,1344018.803
sln,6915.108607,0,FALSE,,0,0
slp,866.9472554,180000,FALSE,,0,0
slr,4364.602948,70000,FALSE,34,0,0
slt,452.7029534,2480,FALSE,,0,0
slu,328.7414514,8000,TRUE,,334579.3029,334579.3029
slv,22637.60305,2052520,FALSE,27,0,0
slw,36.52949988,400,FALSE,,0,0
slx,13292.81161,60000,FALSE,,0,0
sly,804.3078951,128000,TRUE,,13283.58462,911857.5772
slz,878.1093765,4000,TRUE,,1383.768553,1091319.385
sma,1610.663541,600,FALSE,30,0,0
smb,1407.396498,3040,FALSE,22,0,0
smc,46.81936802,80,FALSE,,0,0
smd,12025.16452,24200,FALSE,,0,0
sme,8008.50246,20700,FALSE,27,0,0
smf,91.22802403,410,FALSE,,0,0
smg,675.6100722,450,FALSE,,0,0
smh,2471.322373,20000,FALSE,,0,0
smj,841.4516066,2000,FALSE,,0,0
smk,263.2233671,51200,FALSE,,0,0
sml,406.0514214,105000,TRUE,,60835.2259,1374175.16
smm,232.6573681,50000,FALSE,,0,0
smn,7516.032462,300,FALSE,,0,0
smo,2738.937503,255700,TRUE,17,2341532.467,3803231.063
smp,2787.783005,620,FALSE,,0,0
smq,631.6030033,900,FALSE,,0,0
smr,1301.373264,30000,TRUE,,33674.20076,409733.0245
sms,34943.86079,650,FALSE,37,0,0
smt,147.2089406,10200,FALSE,,0,0
smu,2508.896086,4100,FALSE,,0,0
smv,34907.24204,0,FALSE,,0,0
smw,8176.718594,300000,FALSE,,0,0
smx,1122.772826,4200,FALSE,,0,0
smy,239.8889148,60000,FALSE,,0,0
smz,189.9502414,3000,TRUE,,265963.7203,1421666.378
s,220513.5343,10723700,FALSE,38,0,0
snb,792.7708737,9000,FALSE,,0,0
snc,2191.457261,18000,FALSE,19,0,0
snd,135251.8499,20200000,FALSE,45,0,0
sne,1333.798387,29200,FALSE,,0,0
snf,199.9716206,32900,FALSE,,0,0
sng,28346.60064,431000,FALSE,,0,0
snh,33095.83519,,FALSE,,0,0
sni,2315.414079,0,FALSE,,0,0
snj,199.929646,,FALSE,,0,0
snk,61759.98716,2009000,FALSE,27,0,0
snl,52.97762313,15000,TRUE,25,13921.06133,1903374.608
snm,2286.648764,60000,FALSE,,0,0
snn,3016.265512,500,FALSE,25,0,0
sno,98.72937426,,FALSE,,0,0
snp,545.310238,29000,FALSE,18,0,0
snq,5383.403329,20900,FALSE,,0,0
snr,26.62907855,570,FALSE,,0,0
sns,52.98427414,600,TRUE,23,518849.5524,1792338.995
snu,255.4437391,250,FALSE,,0,0
snv,1048.079114,1960,FALSE,27,0,0
snw,72.98308131,11300,FALSE,,0,0
snx,37.11935491,780,FALSE,,0,0
sny,469.3725185,1300,FALSE,18,0,0
snz,135.9644588,500,FALSE,,0,0
soa,219.472545,32300,FALSE,,0,0
sob,116.6405762,1000,FALSE,,0,0
soc,908.7038392,6000,FALSE,,0,0
sod,12311.31525,1300,FALSE,,0,0
soe,9305.847739,50000,FALSE,,0,0
soh,54.08311501,300,FALSE,,0,0
soi,404.7381298,580,FALSE,,0,0
sok,2971.721405,5000,FALSE,,0,0
sol,345.8971503,3200,TRUE,,241501.5566,1443310.543
som,940982.1841,13753000,FALSE,30,0,0
soo,941.8097003,13000,FALSE,,0,0
sop,61206.63532,1000000,FALSE,,0,0
soq,1228.984581,2200,FALSE,,0,0
sor,2352.967694,7410,FALSE,,0,0
sos,414.3815266,17000,FALSE,,0,0
sot,123234.3087,5620000,FALSE,50,0,0
sou,58082.3684,4500000,FALSE,,0,0
sov,0.711445131,360,TRUE,30,501604.5885,1716062.799
sow,273.7208307,1180,FALSE,,0,0
sox,834.2725582,9000,FALSE,,0,0
soy,587.5453278,8700,FALSE,,0,0
soz,755.5524959,30000,FALSE,,0,0
spa,7567730.034,,FALSE,25,0,0
spb,112.7208287,2600,FALSE,,0,0
spc,3596.094507,5,FALSE,,0,0
spd,187.3774746,550,FALSE,,0,0
spe,2.780691522,700,FALSE,,0,0
spg,66.58258747,50,FALSE,,0,0
spi,12.39339865,,FALSE,,0,0
spk,12.67507407,520,FALSE,,0,0
spl,194.1122015,7000,FALSE,21,0,0
spm,76.9604934,650,FALSE,,0,0
spo,564.1980051,2,FALSE,43,0,0
spp,12285.773,350000,FALSE,29,0,0
spr,155.810575,10200,TRUE,,0,0
sps,22.27602401,1400,TRUE,,262039.179,1440723.522
spt,5134.992677,10000,FALSE,,0,0
spu,932.5670672,2400,FALSE,,0,0
spy,1672.334909,241000,FALSE,,0,0
sqa,96.35973252,5000,FALSE,,0,0
sqh,66.90780573,0,FALSE,,0,0
sqm,5396.82865,50000,FALSE,,0,0
sqo,46.01956772,10000,FALSE,,0,0
sqq,355.3574942,2360,FALSE,,0,0
sqt,3750.365706,57000,TRUE,,95214.47905,95214.47905
squ,22.57203637,70,FALSE,32,0,0
sra,35.48654206,130,FALSE,,0,0
srb,5289.998771,253000,FALSE,26,0,0
src,9631.132944,500000,FALSE,24,0,0
sre,773.6439109,4000,FALSE,,0,0
srf,6.041569998,160,FALSE,,0,0
srg,146.4523588,14000,FALSE,,0,0
srh,399.0634803,16000,FALSE,34,0,0
sri,1046.931355,217,FALSE,,0,0
srk,321.4485461,0,FALSE,,0,0
srl,799.6769229,1800,FALSE,,0,0
srm,5082.144279,,FALSE,,0,0
srn,5620.638279,,FALSE,,0,0
sro,11535.98052,500000,FALSE,,0,0
srp,110361.8097,,FALSE,,0,0
srq,1078.848113,400,FALSE,24,0,0
srr,9984.58573,1161900,FALSE,,0,0
srs,225.1718388,170,FALSE,33,0,0
srt,164.091163,100,FALSE,,0,0
sru,3087.810267,1010,FALSE,,0,0
srv,925.2902581,185000,FALSE,,0,0
srw,77.77428662,,FALSE,,0,0
srx,16314.68364,400000,FALSE,,0,0
sry,63.34304729,510,FALSE,,0,0
srz,48.09042351,0,FALSE,,0,0
ssb,2635.691509,215000,FALSE,,0,0
ssc,1113.447475,113000,FALSE,,0,0
ssd,132.6923861,1310,FALSE,23,0,0
sse,283.748168,85000,FALSE,24,0,0
ssf,0.101661883,5,FALSE,24,0,0
ssg,7.713543631,1000,TRUE,17,206809.6785,1018144.1
ssh,1089.170985,,FALSE,,0,0
ssi,15375.76749,76200,FALSE,,0,0
ssj,76.8185587,93,FALSE,,0,0
ssk,150.6740264,560,FALSE,,0,0
ssl,1628.125003,30000,FALSE,,0,0
ssm,72.41724833,670,FALSE,32,0,0
ssn,1456.058769,12600,FALSE,,0,0
sso,29.33569752,300,FALSE,17,0,0
ssq,78.37684618,,FALSE,,0,0
sss,10566.83947,188000,FALSE,,0,0
sst,149.4926383,50100,FALSE,19,0,0
ssu,0.742126736,10,FALSE,,0,0
ssv,297.7074074,450,TRUE,23,569961.3384,1795687.399
ssw,36638.87246,2324200,FALSE,48,0,0
ssx,469.690031,3130,FALSE,18,0,0
ssy,19900.67606,223800,FALSE,,0,0
ssz,239.8938079,1750,FALSE,,0,0
stb,861.8950003,85400,FALSE,,0,0
stc,224.0017241,,TRUE,23,1043746.739,2048663.491
std,43.06456646,,TRUE,,524978.157,524978.157
ste,1010.778086,3000,FALSE,,0,0
stf,106.8311871,180,FALSE,,0,0
stg,159.9126515,15000,FALSE,,0,0
sti,4476.72612,51540,FALSE,32,0,0
stj,2603.840454,105000,FALSE,25,0,0
stk,3732.829606,970,FALSE,,0,0
stl,456.3087938,,FALSE,,0,0
stm,330.5759099,280,FALSE,,0,0
stn,76.13149155,8410,TRUE,,1034040.029,1735961.236
sto,970.7256415,3160,FALSE,,0,0
stp,4293.220143,10600,FALSE,23,0,0
stq,4979.77342,1000,FALSE,,0,0
str,155.2901472,25,FALSE,33,0,0
sts,9.038944416,1000,FALSE,,0,0
stt,2485.979575,40000,FALSE,,0,0
stu,9319.99825,13080,FALSE,,0,0
stv,2105.382398,935000,FALSE,32,0,0
stw,0.653366116,460,TRUE,,1262524.271,2067210.591
sua,417.5400749,2500,FALSE,,0,0
sub,13984.92348,50000,FALSE,,0,0
suc,3093.751717,125000,FALSE,20,0,0
sue,385.2225587,3600,FALSE,18,0,0
sug,1934.593332,350,FALSE,18,0,0
sui,5069.03441,3510,FALSE,18,0,0
suj,7306.133489,153000,FALSE,,0,0
suk,45319.10187,5430000,FALSE,33,0,0
sul,6832.645111,,FALSE,,0,0
sum,3692.99662,,FALSE,,0,0
sun,37369.69604,34000000,FALSE,27,0,0
suq,2554.690759,26900,FALSE,26,0,0
sur,895.9774384,295000,FALSE,33,0,0
sus,29905.91217,1028000,FALSE,28,0,0
sut,9595.833334,5000,FALSE,23,0,0
suv,2487.287435,20000,FALSE,,0,0
suw,8627.17788,191000,FALSE,,0,0
suy,979.1722293,350,FALSE,,0,0
suz,811.9801526,38200,FALSE,33,0,0
sva,2857.92691,15000,FALSE,37,0,0
svb,79.44637506,2800,FALSE,,0,0
svc,380.190962,,TRUE,,205498.8656,205498.8656
sve,6.976621727,330,TRUE,,276528.2431,397582.6029
svr,361.3017357,,FALSE,,0,0
svs,28.67975035,2420,TRUE,22,941192.5123,1697136.116
swb,373.2666501,92800,TRUE,,295300.7312,476781.0545
swc,477182.3406,2000,FALSE,26,0,0
swe,456259.3208,9111000,FALSE,34,0,0
swf,57.82405937,2500,FALSE,,0,0
swg,6257.57287,819000,FALSE,,0,0
swh,116255.0386,15333360,FALSE,31,0,0
swi,3068.456283,300120,FALSE,,0,0
swj,14540.90081,39400,FALSE,,0,0
swk,2148.825211,270000,FALSE,,0,0
swm,25.41088187,90,FALSE,,0,0
swn,2342.522831,,FALSE,,0,0
swo,188.0392048,9,FALSE,,0,0
swp,598.4237516,6800,FALSE,20,0,0
swq,84.98060237,5100,FALSE,,0,0
swr,3.034484817,300,TRUE,,33446.65205,1106571.506
sws,497.4739181,2840,TRUE,,352296.5459,352296.5459
swt,104.0104004,3000,TRUE,,31987.46765,625460.0625
swu,1845.708669,5000,FALSE,,0,0
swv,29986.32726,3000000,FALSE,,0,0
sww,16.43132892,20,TRUE,,615633.4504,1894289.56
swx,1932.043429,140,FALSE,,0,0
swy,412.502526,2000,FALSE,,0,0
sxb,678.1757881,139000,FALSE,,0,0
sxe,238.2409934,1000,FALSE,,0,0
sxg,1526.967546,1800,FALSE,,0,0
sxm,239.6554907,,FALSE,,0,0
sxn,1166.240358,255000,FALSE,,0,0
sxr,0.14190992,10,FALSE,18,0,0
sxs,41.79895119,12500,FALSE,,0,0
sxu,18141.52103,2000000,FALSE,,0,0
sxw,607.4407246,170000,FALSE,,0,0
sya,4396.599525,60000,FALSE,19,0,0
syb,5696.086921,140000,FALSE,22,0,0
syc,2806.069969,0,FALSE,,0,0
syi,592.0371403,14690,FALSE,,0,0
syk,45.29179627,14800,FALSE,,0,0
syl,83249.40469,10000000,FALSE,,0,0
sym,1610.938465,38000,FALSE,,0,0
syn,18792.22737,60,FALSE,,0,0
syo,139.3010034,860,FALSE,,0,0
sys,2464.501883,12300,FALSE,,0,0
syw,84.27957152,100,FALSE,,0,0
sza,7563.507829,4100,FALSE,,0,0
szb,2746.465171,18000,FALSE,19,0,0
szc,13247.0497,2000,FALSE,35,0,0
szd,7159.994155,,FALSE,,0,0
sze,530.9680501,3000,FALSE,,0,0
szg,6612.494599,17000,FALSE,,0,0
szl,57126.0479,60000,FALSE,,0,0
szn,860.1106272,20000,TRUE,,209908.4713,1159377.591
szp,344.9863689,1100,FALSE,,0,0
szv,148.7680528,800,FALSE,,0,0
szw,1244.705296,12000,FALSE,,0,0
taa,736.6645338,15,FALSE,,0,0
tab,1157.594112,126000,FALSE,43,0,0
tac,2965.353298,10000,FALSE,,0,0
tad,2868.394572,300,FALSE,,0,0
tae,1444.038926,100,FALSE,,0,0
taf,1888.381509,560,FALSE,,0,0
tag,872.3413424,13000,FALSE,,0,0
tah,1545.597669,63000,TRUE,15,3701609.923,5668106.833
taj,13031.98741,1197500,FALSE,27,0,0
tak,94.00800028,1000,FALSE,,0,0
tal,223.3267528,10000,FALSE,,0,0
tam,172258.5993,64470000,FALSE,30,0,0
tan,1291.673046,130000,FALSE,,0,0
tao,47.31936613,3380,TRUE,,62221.39599,399810.0417
tap,52275.21165,281600,FALSE,,0,0
taq,630106.8995,281200,FALSE,,0,0
tar,13803.81962,30000,FALSE,20,0,0
tas,2995.861598,,FALSE,,0,0
tat,69216.25609,4608800,FALSE,32,0,0
tau,374.8445555,110,FALSE,,0,0
tav,2850.254227,400,FALSE,17,0,0
taw,23.68009359,900,FALSE,,0,0
tax,313.1003849,500,FALSE,,0,0
tay,4706.544936,84300,FALSE,25,0,0
taz,19.75217604,3800,FALSE,26,0,0
tba,1044.709209,180,FALSE,,0,0
tbb,133089.3543,,FALSE,,0,0
tbc,276.7246906,40000,TRUE,21,0,0
tbd,44.8108758,630,FALSE,,0,0
tbe,10.7313235,15,TRUE,,1009481.146,2077985.632
tbf,274.7191759,4000,TRUE,,126646.3536,1349383.66
tbg,431.8959307,6000,FALSE,16,0,0
tbh,208695.2769,0,FALSE,18,0,0
tbi,952.215472,67200,FALSE,31,0,0
tbj,52.1330131,790,TRUE,,146573.5791,1244767.312
tbk,1710.31694,10000,TRUE,21,0,0
tbl,2141.624097,95300,FALSE,22,0,0
tbm,11439.76778,17000,FALSE,,0,0
tbn,401.8439511,300,FALSE,,0,0
tbo,641.381994,20000,FALSE,19,0,0
tbp,1169.542985,300,FALSE,,0,0
tbr,365.5622127,7300,FALSE,,0,0
tbs,89.36489369,740,FALSE,,0,0
tbt,4202.543791,150000,FALSE,,0,0
tbu,48168.92141,0,FALSE,,0,0
tbv,246.7597834,,FALSE,24,0,0
tbw,3548.605546,10000,FALSE,20,0,0
tbx,124.945342,2350,FALSE,,0,0
tby,1529.795241,15000,FALSE,,0,0
tbz,4325.035336,147500,FALSE,25,0,0
tca,30774.8958,47200,FALSE,26,0,0
tcb,657.709921,60,FALSE,,0,0
tcc,11263.1282,87800,FALSE,,0,0
tcd,44.22041611,4400,FALSE,,0,0
tce,660.2939919,140,FALSE,,0,0
tcf,1062.514148,37500,FALSE,25,0,0
tcg,1070.732336,3500,FALSE,13,0,0
tch,493.6508187,,TRUE,,152491.3024,891449.1546
tci,462.3113331,700,FALSE,,0,0
tck,2.815979259,2000,FALSE,,0,0
tcl,5300.352626,0,FALSE,,0,0
tcm,909.4087898,500,FALSE,,0,0
tcn,171.8169667,2420,FALSE,,0,0
tco,831.5775203,40000,FALSE,,0,0
tcp,482.4457193,700,FALSE,,0,0
tcq,352.739947,220,FALSE,,0,0
tcs,1735461.335,6040,FALSE,,0,0
tct,568.0401219,20000,FALSE,,0,0
tcu,5206.890554,5410,FALSE,,0,0
tcw,96.34637817,540,FALSE,,0,0
tcx,259.1961108,1560,FALSE,46,0,0
tcy,6971.546746,1720000,FALSE,34,0,0
tcz,3968.497919,269200,FALSE,28,0,0
tda,43892.1882,,FALSE,,0,0
tdb,963.5032868,194000,FALSE,,0,0
tdc,1417.506038,1000,FALSE,,0,0
tdd,30226.33756,717400,FALSE,,0,0
tdf,297.79328,29100,FALSE,,0,0
tdg,3363.455851,323000,FALSE,,0,0
tdh,384.5754188,20700,FALSE,38,0,0
tdi,23.59894801,600,FALSE,,0,0
tdj,467.8075703,12000,FALSE,,0,0
tdk,69.65699416,3000,FALSE,,0,0
tdl,139.5993998,5000,FALSE,,0,0
tdn,426.6758808,92000,FALSE,23,0,0
tdo,179.9934551,4000,FALSE,,0,0
tdq,783.1425989,3420,FALSE,,0,0
tdr,206.0524616,6000,FALSE,34,0,0
tds,748.8861803,70,FALSE,,0,0
tdt,51.57142986,,FALSE,,0,0
tdu,25.26389777,,FALSE,,0,0
tdv,68.82824265,3930,FALSE,,0,0
tdx,42502.04322,1300000,FALSE,,0,0
tdy,827.5157137,4150,TRUE,,13542.81472,1124520.3
tea,8324.149725,28000,FALSE,32,0,0
teb,3733.683808,,FALSE,,0,0
tec,807.6829625,601000,FALSE,,0,0
ted,4761.000183,31210,FALSE,,0,0
tee,249.8628748,3000,FALSE,26,0,0
tef,54.47429136,2080,TRUE,,368318.4825,553680.2622
teg,15417.1661,139300,FALSE,,0,0
teh,24181.55324,,FALSE,30,0,0
tei,76.5233048,520,FALSE,,0,0
tek,19927.12645,203200,FALSE,,0,0
tel,243965.8076,73800000,FALSE,28,0,0
tem,17695.39962,1230000,FALSE,25,0,0
ten,8507.761704,0,FALSE,,0,0
teo,12700.27706,1909000,FALSE,24,0,0
tep,22434.78492,0,FALSE,22,0,0
teq,74.56898236,13000,FALSE,29,0,0
ter,19622.15134,15800,FALSE,21,0,0
tes,241.0642197,80000,FALSE,,0,0
tet,4807.171621,463500,FALSE,20,0,0
teu,537.6453923,50,FALSE,28,0,0
tev,18.34395475,1100,TRUE,,134167.7202,706173.6068
tew,735.9828638,1500,FALSE,40,0,0
tex,92.38386534,10000,FALSE,,0,0
tey,199.0265625,2500,FALSE,,0,0
tfi,263.5604612,66000,FALSE,,0,0
tfn,8183.844067,75,FALSE,38,0,0
tfo,160.5287387,100,FALSE,,0,0
tfr,3536.146566,3300,FALSE,30,0,0
tft,219.3202774,42000,TRUE,,0,0
tga,47.88334601,100000,FALSE,,0,0
tgb,409.7179724,0,FALSE,,0,0
tgc,552.5284559,6000,TRUE,18,30019.16703,1244767.312
tgd,67.8660135,2000,FALSE,,0,0
tge,464.953689,3980,FALSE,,0,0
tgf,113.0922758,1500,FALSE,,0,0
tgg,198.7709942,,TRUE,21,30019.16703,1261134.28
tgh,283.1410238,,TRUE,,119603.1229,119603.1229
tgi,224.4955175,550,TRUE,,265963.7203,1421666.378
tgk,104005.4563,4274000,FALSE,28,0,0
tgl,28415.2804,21500000,FALSE,20,0,0
tgo,767.8852182,2000,TRUE,24,280154.5268,935939.6162
tgp,15.95789597,800,TRUE,19,569961.3384,1795687.399
tgq,100.6617454,550,FALSE,,0,0
tgr,489.6500893,,FALSE,,0,0
tgs,71.38286043,900,TRUE,19,732863.9126,1943580.992
tgt,558.6637564,2000,FALSE,,0,0
tgu,111.8881862,3000,FALSE,,0,0
tgv,43216.04977,,FALSE,,0,0
tgw,11289.39982,138000,FALSE,,0,0
tgx,90.63690706,2,FALSE,,0,0
tgy,11824.32424,0,FALSE,,0,0
tha,154987.378,20202460,FALSE,30,0,0
thc,3322.282639,,FALSE,,0,0
thd,993.1384485,29,FALSE,,0,0
the,1707.786749,285000,FALSE,,0,0
thf,851.9180903,23700,FALSE,,0,0
thh,3189.430066,1,FALSE,,0,0
thk,1562.473785,176000,FALSE,29,0,0
thl,8465.630166,674000,FALSE,,0,0
thm,156.7476001,700,FALSE,32,0,0
thn,989.419339,3000,FALSE,,0,0
thp,232.0483662,440,FALSE,,0,0
thq,3167.970678,258000,FALSE,,0,0
thr,11554.6723,486000,FALSE,,0,0
ths,525.7912647,5240,FALSE,28,0,0
tht,247.3106154,130,FALSE,,0,0
thu,2603.505801,6600,FALSE,,0,0
thv,534019.4668,77000,FALSE,32,0,0
thw,80.14090453,,FALSE,,0,0
thx,1672.833053,,FALSE,,0,0
thy,71.44108134,1000,FALSE,,0,0
thz,208597.0777,250000,FALSE,,0,0
tia,24526.30797,1000,FALSE,,0,0
tic,665.1980832,40000,FALSE,32,0,0
tid,11738.3307,,FALSE,,0,0
tie,709.6722217,,FALSE,,0,0
tif,1797.986473,3600,FALSE,18,0,0
tig,45995.74178,1050000,FALSE,36,0,0
tih,826.385074,0,FALSE,18,0,0
tii,2855.078987,24500,FALSE,,0,0
tij,181.0822862,1420,FALSE,,0,0
tik,7060.974937,25000,FALSE,42,0,0
til,14352.0571,0,FALSE,41,0,0
tim,434.6454398,11000,FALSE,21,0,0
tin,108.6626216,2150,FALSE,45,0,0
tio,373.7190824,5000,TRUE,17,265963.7203,1421666.378
tip,372.49206,300,FALSE,,0,0
tiq,0.080000749,1000,FALSE,,0,0
tir,64440.94467,6860000,FALSE,37,0,0
tis,225.4912679,7500,FALSE,,0,0
tit,34943.66276,2,FALSE,,0,0
tiu,1252.741283,4000,FALSE,,0,0
tiv,26944.84879,2210000,FALSE,32,0,0
tiw,7437.160081,1740,TRUE,20,24242.06853,24242.06853
tix,927.6521824,1600,FALSE,28,0,0
tiy,1401.985936,50000,FALSE,22,0,0
tiz,1762.343564,85000,FALSE,,0,0
tja,2235.018088,9600,FALSE,,0,0
tjg,5862.67361,50000,FALSE,,0,0
tji,8886.014598,70000,FALSE,,0,0
tjn,5157.036194,0,FALSE,,0,0
tjo,6700.909564,6000,FALSE,,0,0
tjs,10966.67974,1500,FALSE,,0,0
tju,19670.33604,0,FALSE,,0,0
tka,26369.25302,,FALSE,,0,0
tkb,1243.539719,43000,FALSE,,0,0
tkd,562.0167343,39500,FALSE,,0,0
tke,7221.847204,181000,FALSE,,0,0
tkf,5360.485608,,FALSE,,0,0
tkl,0.610833257,1410,TRUE,,2663066.527,4102791.388
tkm,9886.417187,,FALSE,29,0,0
tkn,237.776189,5100,TRUE,,382410.2619,690860.8756
tkp,3.985097928,3320,TRUE,15,1002672.405,2207363.566
tkq,50.81960835,313000,FALSE,,0,0
tkr,1748.91988,23600,FALSE,43,0,0
tks,10948.84756,220000,FALSE,,0,0
tkt,1196.817288,106000,FALSE,,0,0
tku,94.39529112,3400,FALSE,,0,0
tkw,185.7469987,520,TRUE,,977846.268,2081864.497
tkx,97.50370382,100,FALSE,,0,0
tkz,1038.781132,6000,FALSE,,0,0
tla,4520.599765,8700,FALSE,,0,0
tlb,3774.51999,27700,FALSE,,0,0
tlc,55.90191085,500,FALSE,,0,0
tld,947.4389394,82000,TRUE,,186192.7147,1747724.579
tlf,1924.58629,5400,FALSE,17,0,0
tlg,481.063691,250,FALSE,,0,0
tli,7236.17604,630,FALSE,51,0,0
tlj,522.3415245,99400,FALSE,,0,0
tlk,52.24219146,550,TRUE,,5792.67205,979283.6379
tll,75043.74272,750000,FALSE,30,0,0
tlm,145.0685636,900,TRUE,16,569961.3384,1795687.399
tln,12.50265703,1200,FALSE,,0,0
tlo,121.1610135,1500,FALSE,30,0,0
tlp,1293.443404,15100,FALSE,,0,0
tlq,313.9284732,4960,FALSE,,0,0
tlr,1070.769689,12500,TRUE,20,931865.4446,1656238.332
tls,73.02678694,50,TRUE,,569961.3384,1795687.399
tlt,420.6838297,17000,FALSE,,0,0
tlu,77.46183778,18800,TRUE,,9389.770241,918970.446
tlv,1497.268834,4520,TRUE,,134045.9782,1271628.758
tlw,619.6729057,,FALSE,,0,0
tlx,181.7014396,1600,TRUE,,273605.7652,1037507.438
tly,5267.886451,912000,FALSE,31,0,0
tlz,2475.226349,,FALSE,,0,0
tma,14620.72085,67900,FALSE,28,0,0
tmb,116.6392402,700,TRUE,,518849.5524,1792338.995
tmc,2044.633,25200,FALSE,31,0,0
tmd,264.1232163,2000,FALSE,,0,0
tme,1518.738751,,FALSE,,0,0
tmf,1661.099067,1680,FALSE,,0,0
tmg,913.8510617,0,FALSE,,0,0
tmi,31.04599179,500,TRUE,,569961.3384,1795687.399
tmj,381.4636345,400,FALSE,,0,0
tmk,107.0171011,,FALSE,,0,0
tml,771.2251595,290,FALSE,,0,0
tmm,6476.643059,20000,FALSE,,0,0
tmn,703.8808755,30000,FALSE,,0,0
tmo,1397.363512,0,FALSE,32,0,0
tmp,529.4229465,,FALSE,,0,0
tmq,37.94032148,790,FALSE,,0,0
tmr,68863.70333,0,FALSE,,0,0
tms,14.10729892,0,FALSE,,0,0
tmt,249.7813207,150,TRUE,,569961.3384,1795687.399
tmu,2086.240033,600,FALSE,,0,0
tmv,9377.302974,5000,FALSE,,0,0
tmw,2288.231414,,FALSE,,0,0
tmy,6.727953133,2100,FALSE,,0,0
tmz,19801.43933,0,FALSE,,0,0
t,6798.59602,1820,FALSE,23,0,0
tnb,2398.69799,700,FALSE,,0,0
tnc,1388.464627,300,FALSE,,0,0
tnd,171.1496142,50,FALSE,,0,0
tne,12.51222444,,FALSE,,0,0
tnf,667.9499763,,FALSE,,0,0
tng,2606.149295,30000,FALSE,,0,0
tnh,356.2391303,3040,FALSE,,0,0
tni,21.06980113,,FALSE,,0,0
tnk,52.83760875,3500,TRUE,24,371227.4147,1792462.04
tnl,69.12592413,11500,TRUE,21,371227.4147,1792462.04
tnm,219.1356205,3750,FALSE,,0,0
tnn,91.52263859,5000,TRUE,,371227.4147,1792462.04
tnp,119.6461088,7500,TRUE,22,371227.4147,1792462.04
tnr,454.6225922,3380,FALSE,38,0,0
tnt,1900.484687,150000,FALSE,20,0,0
tnu,154.6990994,200,FALSE,,0,0
tnv,527.0698113,21600,FALSE,,0,0
tnw,863.5994391,20000,FALSE,23,0,0
tnx,164.0657397,8,TRUE,,986843.4856,1788741.373
tny,3988.72009,13000,FALSE,,0,0
tnz,2536.662614,195,FALSE,,0,0
tob,61586.93269,41510,FALSE,25,0,0
toc,301.4807855,48100,FALSE,,0,0
tod,4791.220164,220000,FALSE,,0,0
toe,11093.04176,,FALSE,,0,0
tof,180.8183661,1050,FALSE,,0,0
tog,4609.364012,170000,FALSE,,0,0
toh,5838.879596,375000,FALSE,,0,0
toi,91289.24256,1467000,FALSE,29,0,0
toj,311.9184659,34300,FALSE,26,0,0
tol,108.8238777,1,FALSE,37,0,0
tom,388.5085796,60000,FALSE,21,0,0
ton,531.1241707,96300,TRUE,18,1697048.203,3096766.603
too,110.9431528,3000,FALSE,24,0,0
top,2369.14179,80000,FALSE,,0,0
toq,22783.04583,100000,FALSE,,0,0
tor,9362.078548,24000,FALSE,,0,0
tos,502.3421291,120000,FALSE,22,0,0
tou,2198.604765,68400,FALSE,,0,0
tov,4571.330459,0,FALSE,,0,0
tow,128.2898674,1790,FALSE,,0,0
tox,0.101811728,22,TRUE,,315310.5723,1573487.653
toy,5.619136918,450,FALSE,,0,0
toz,2496.841822,,FALSE,,0,0
tpa,121.8525291,1280,FALSE,,0,0
tpc,145.8329216,590,FALSE,,0,0
tpe,4121.63,85000,FALSE,,0,0
tpf,82.65469259,630,FALSE,,0,0
tpg,321.0352155,5000,TRUE,,31987.46765,625460.0625
tpi,29403.8236,122000,FALSE,,0,0
tpj,6536.156742,2520,FALSE,,0,0
tpk,28283.33353,,FALSE,,0,0
tpl,720.097853,7500,FALSE,,0,0
tpm,422.9539259,16000,FALSE,39,0,0
tpn,18085.687,,FALSE,,0,0
tpo,213.697139,3300,FALSE,,0,0
tpp,62.38639097,4000,FALSE,,0,0
tpq,150.2427066,610,FALSE,,0,0
tpr,1654.069475,340,FALSE,,0,0
tpt,61.56085067,3000,FALSE,,0,0
tpu,1426.59927,31000,FALSE,,0,0
tpv,0.827357093,10,TRUE,,2029728.35,2758399.177
tpw,49233.88817,,FALSE,,0,0
tpx,1417.180451,40200,FALSE,,0,0
tpy,2023.767171,51,FALSE,24,0,0
tpz,304.5964926,3900,TRUE,20,265963.7203,1421666.378
tqb,746.7801215,150,FALSE,,0,0
tql,10.98436248,250,TRUE,24,805631.526,1993256.276
tqm,0.644609355,5,FALSE,,0,0
tqn,2288.552096,50,FALSE,,0,0
tqo,2035.037054,23000,FALSE,14,0,0
tqp,857.7996551,700,FALSE,,0,0
tqq,9377.654815,23000,FALSE,,0,0
tqr,562.0524018,2,FALSE,,0,0
tqt,51.15513437,1610,FALSE,,0,0
tqu,395.3506497,1870,TRUE,,661355.2826,1470571.463
tqw,98804.0781,0,FALSE,21,0,0
tra,7421.576111,100,FALSE,,0,0
trb,6.539388509,130,FALSE,,0,0
trc,312.1361144,25000,FALSE,27,0,0
trd,226.106708,2000,FALSE,,0,0
tre,751.5194561,6110,TRUE,,125370.4301,509138.4508
trf,4800.532883,,TRUE,,11029.07184,11029.07184
trg,1188.744118,4230,FALSE,,0,0
trh,16.70667458,25,FALSE,,0,0
tri,1122.169197,2130,FALSE,17,0,0
trj,1526.716898,8460,FALSE,,0,0
trm,65.64127517,3500,FALSE,,0,0
trn,6082.418705,5500,FALSE,,0,0
tro,163.4078075,870,FALSE,,0,0
trp,4379.787479,783000,FALSE,28,0,0
trq,47.98835767,2000,FALSE,,0,0
trr,1256.035833,1,FALSE,,0,0
trs,104.0468971,4060,FALSE,,0,0
trt,1898.337001,500,FALSE,,0,0
tru,222.3223632,10000,FALSE,,0,0
trv,2297.737553,20000,FALSE,22,0,0
trw,507.3121037,80000,FALSE,,0,0
trx,75.310158,850,FALSE,,0,0
try,1006.439211,0,FALSE,,0,0
trz,120873.5704,51,FALSE,,0,0
tsa,3303.857727,22210,FALSE,,0,0
tsb,1352.19703,18000,FALSE,,0,0
tsc,98388.71067,1160000,FALSE,,0,0
tsd,1.348412404,200,FALSE,,0,0
tse,2880.180825,,FALSE,,0,0
tsf,1435.515037,,FALSE,,0,0
tsg,7194.328142,1062000,FALSE,21,0,0
tsh,61.36066098,2300,FALSE,,0,0
tsi,2945.414999,350,FALSE,39,0,0
tsj,7376.819599,158200,FALSE,,0,0
tsk,289.1493792,12600,FALSE,,0,0
tsl,108.9909433,10000,FALSE,,0,0
tsn,674493.4885,5181700,FALSE,42,0,0
tso,105537.1607,3990000,FALSE,45,0,0
tsp,1133.045702,19500,FALSE,,0,0
tsq,1573.087797,,FALSE,,0,0
tsr,483.2069667,650,TRUE,,569961.3384,1795687.399
tsu,980.6973992,2130,FALSE,21,0,0
tsv,7969.473587,12000,FALSE,,0,0
tsw,5757.058956,100000,FALSE,,0,0
tsx,3389.541496,1730,FALSE,21,0,0
tsy,889.7664986,,FALSE,,0,0
tsz,2979.28707,40000,FALSE,25,0,0
tta,54816.53089,,FALSE,19,0,0
ttb,333.8681059,10000,FALSE,,0,0
ttc,153.640201,4970,FALSE,28,0,0
ttd,1422.1394,7000,FALSE,,0,0
tte,32.45894914,2400,TRUE,,23483.62822,759711.0756
ttf,20.49893012,1000,FALSE,,0,0
ttg,412.8321921,16600,FALSE,,0,0
tth,2470.895872,49900,FALSE,,0,0
tti,129.8693644,100,FALSE,,0,0
ttj,10261.23184,488000,FALSE,,0,0
ttk,1952.836908,4,FALSE,,0,0
ttl,10511.7943,1120,FALSE,,0,0
ttm,552.366508,210,FALSE,,0,0
ttn,416.3142756,120,FALSE,,0,0
tto,607.4679866,15800,FALSE,,0,0
ttp,23.03027329,1100,FALSE,,0,0
ttq,241848.5986,640000,FALSE,,0,0
ttr,901.9755785,101000,FALSE,46,0,0
tts,167773.114,15000000,FALSE,,0,0
ttt,6171.085072,28010,FALSE,,0,0
ttu,63.38950619,600,TRUE,19,265963.7203,1421666.378
ttv,17.25998644,3850,TRUE,,273605.7652,1037327.413
ttw,206.8667693,600,FALSE,,0,0
tty,917.544161,800,FALSE,,0,0
ttz,113.824742,4790,FALSE,,0,0
tua,15.60239613,460,FALSE,,0,0
tub,18621.2422,5,FALSE,26,0,0
tuc,43.31051292,3500,TRUE,,24287.97156,796053.2737
tud,94708.95252,1630,FALSE,,0,0
tue,951.8788473,940,FALSE,,0,0
tuf,3990.316501,2500,FALSE,19,0,0
tug,645.4837865,2260,FALSE,,0,0
tuh,186.2697703,2000,FALSE,17,0,0
tui,3422.852325,229000,FALSE,,0,0
tuj,4361.990426,2590,FALSE,,0,0
tuk,221763.6217,6930920,FALSE,31,0,0
tul,421.3461315,30000,FALSE,,0,0
tum,36200.50817,2566000,FALSE,,0,0
tun,61481.0715,0,FALSE,21,0,0
tuo,1614.056531,6600,FALSE,21,0,0
tuq,416508.2291,40500,FALSE,31,0,0
tur,616674.2897,67482800,FALSE,30,0,0
tus,354.7705344,9,FALSE,20,0,0
tuu,2184.540175,,FALSE,33,0,0
tuv,60816.74685,989000,FALSE,,0,0
tux,27000.49396,0,FALSE,,0,0
tuy,5092.413747,140000,FALSE,,0,0
tuz,1511.192066,37000,FALSE,31,0,0
tva,362.6634147,1960,TRUE,,491307.7385,1513131.779
tvd,5007.545582,130000,FALSE,,0,0
tve,85.95451178,,FALSE,,0,0
tvk,222.7142353,3700,TRUE,22,574373.1089,1852762.285
tvl,5.597151131,10700,TRUE,19,1980448.965,3304165.958
tvm,19.76575391,1050,TRUE,,257178.4214,415634.5992
tvn,8841.428239,400000,FALSE,,0,0
tvo,731.9033479,26000,FALSE,,0,0
tvs,734.8453184,21000,FALSE,,0,0
tvt,3547.113804,25000,FALSE,,0,0
tvw,119.5162879,900,FALSE,,0,0
tvy,477.7801906,0,FALSE,,0,0
twa,14887.66292,350,FALSE,39,0,0
twb,367.1755333,6810,TRUE,,13542.81472,1124520.3
twc,508.9789512,,FALSE,,0,0
twd,1389.821182,,FALSE,,0,0
twe,173.3823121,4000,TRUE,,76456.17911,632259.6534
twf,348.7898302,1070,FALSE,34,0,0
twg,9.768864909,800,TRUE,,76456.17911,632259.6534
twh,11992.51077,495000,FALSE,33,0,0
twl,10464.82806,60000,FALSE,,0,0
twm,2354.638115,,FALSE,,0,0
twn,32.87851594,30,FALSE,,0,0
two,15792.81061,2000,FALSE,,0,0
twp,83.47355895,1030,TRUE,,273605.7652,1037507.438
twq,556.7819624,8000,FALSE,,0,0
twr,1214.309888,100,FALSE,,0,0
twt,69463.18458,30,FALSE,,0,0
twu,340.4934996,30000,TRUE,,12375.14645,457685.6907
tww,152.600814,360,FALSE,,0,0
twx,13328.92878,250000,FALSE,,0,0
twy,4651.855941,20000,FALSE,,0,0
txa,3408.56158,0,FALSE,,0,0
txe,1432.011979,25000,FALSE,,0,0
txi,1043.380121,310,FALSE,,0,0
txm,1514.328341,30000,FALSE,,0,0
txn,844.6450151,7910,TRUE,,125370.4301,509138.4508
txo,629.2789003,1400,FALSE,,0,0
txq,107.8268207,20000,TRUE,,12375.14645,457685.6907
txs,780.1947106,90000,FALSE,21,0,0
txt,1983.081145,8000,FALSE,,0,0
txu,32424.64479,7100,FALSE,26,0,0
txx,114.7569744,0,FALSE,,0,0
txy,25715.33249,510000,FALSE,,0,0
tya,83.61297999,350,FALSE,,0,0
tye,162.6053496,12000,FALSE,,0,0
tyh,182.0969863,950,FALSE,,0,0
tyi,2443.342485,95900,FALSE,,0,0
tyj,6181.842353,300,FALSE,,0,0
tyl,12.66183719,,FALSE,,0,0
tyn,2260.093336,4000,FALSE,,0,0
typ,8611.10946,0,FALSE,29,0,0
tyr,6441.942296,105000,FALSE,,0,0
tys,5.583287166,300,FALSE,,0,0
tyt,43.41081855,0,FALSE,,0,0
tyu,29439.86804,820,FALSE,68,0,0
tyv,61337.67037,283400,FALSE,31,0,0
tyx,5838.517185,14400,FALSE,,0,0
tyz,24686.90457,1630000,FALSE,,0,0
tzb,1257.535984,,FALSE,26,0,0
tzc,334.888457,,FALSE,25,0,0
tze,604.0310912,,FALSE,,0,0
tzh,1083.566849,372000,FALSE,,0,0
tzj,234.6294646,83800,FALSE,29,0,0
tzm,168323.5372,2340000,FALSE,31,0,0
tzn,208.6344731,1200,TRUE,,50469.26819,643115.676
tzo,219.8824388,235000,FALSE,,0,0
tzs,496.3081455,,FALSE,,0,0
tzt,269.2371665,,FALSE,,0,0
tzu,316.3751745,,FALSE,,0,0
tzx,750.1335261,2080,FALSE,,0,0
tzz,240.5664658,,FALSE,,0,0
uam,8297.62202,,FALSE,,0,0
uan,1156.853479,2500,FALSE,,0,0
uar,96.71782829,4500,FALSE,,0,0
uba,104.9196218,11100,FALSE,,0,0
ubi,259.9804627,1100,FALSE,,0,0
ubr,99.21087321,2560,FALSE,,0,0
ubu,980.0723334,34200,FALSE,20,0,0
uby,59609.50427,0,FALSE,50,0,0
uda,115.5950614,10000,FALSE,,0,0
ude,3804.297031,100,FALSE,30,0,0
udg,56.2936866,3370,FALSE,,0,0
udi,55.38042515,3800,FALSE,41,0,0
udj,8.876152137,1030,TRUE,,125370.4301,509138.4508
udl,82.82112375,10500,FALSE,,0,0
udm,34408.79601,324000,FALSE,26,0,0
udu,1685.744264,0,FALSE,37,0,0
ues,72.97204258,1000,TRUE,,5792.67205,979283.6379
ufi,224.545026,550,FALSE,,0,0
ugb,253.0645569,0,FALSE,,0,0
uge,114.7577337,1200,TRUE,,661355.2826,1470571.463
ugn,1561.349322,,FALSE,,0,0
ugo,17771.95797,80,FALSE,,0,0
uha,208.7109324,13600,FALSE,,0,0
uhn,13811.13778,14000,FALSE,15,0,0
uig,507213.2473,8701500,FALSE,34,0,0
uis,704.5315084,2500,TRUE,,265963.7203,1421666.378
uiv,294.0314336,2000,FALSE,,0,0
uji,147.1648861,8540,FALSE,,0,0
uka,712.8515044,600,FALSE,,0,0
ukg,21.73912312,170,FALSE,,0,0
ukh,99.99759802,2000,FALSE,,0,0
ukp,202.8465063,21500,FALSE,,0,0
ukq,229.5209858,100,FALSE,,0,0
ukr,598706.9978,32218400,FALSE,29,0,0
uks,111.8974728,,FALSE,,0,0
uku,200.6512327,14100,FALSE,,0,0
ukw,2475.267474,150000,FALSE,37,0,0
ula,277.6457643,1000,FALSE,,0,0
ulb,235.5734875,10000,FALSE,,0,0
ulc,5169.693852,150,FALSE,24,0,0
ulf,618.6094339,110,FALSE,,0,0
uli,1.822348647,3000,TRUE,27,1281028.458,2284653.664
ulk,7.078095572,210,TRUE,20,76578.8297,179160.4569
ull,355.3401445,,FALSE,,0,0
ulm,2152.361639,30000,FALSE,,0,0
uln,15.48934258,,FALSE,,0,0
ulu,594.9347541,3000,FALSE,,0,0
uma,441.3451819,25,FALSE,36,0,0
umb,157771.0448,6000000,FALSE,25,0,0
umd,4187.106248,0,FALSE,,0,0
umg,2039.693475,0,FALSE,28,0,0
umi,34.65436662,120,FALSE,,0,0
umm,549.4942272,20000,FALSE,,0,0
umn,8736.342234,4000,FALSE,,0,0
umo,45045.71215,125,FALSE,,0,0
ump,912.7746799,100,FALSE,20,0,0
umr,5814.845029,0,FALSE,,0,0
ums,1226.240831,4500,FALSE,,0,0
umu,81.23075461,7,FALSE,22,0,0
u,88.86630633,630,FALSE,,0,0
une,56.35125251,19800,FALSE,,0,0
ung,59167.30731,57,FALSE,23,0,0
unk,908.8365325,320,FALSE,,0,0
unm,1137.779664,13500,FALSE,,0,0
unp,4159.504819,,FALSE,,0,0
unr,15439.37246,1120280,FALSE,36,0,0
unx,6081.998884,,FALSE,,0,0
unz,582.4527107,25000,FALSE,,0,0
uok,44.8870457,,FALSE,,0,0
upi,19.37618843,290,FALSE,,0,0
upv,67.81135821,9000,TRUE,37,518849.5524,1792338.995
ura,5186.803506,3000,FALSE,,0,0
urb,10155.63821,800,FALSE,,0,0
urc,9818.524176,0,FALSE,,0,0
urd,107556.3174,,FALSE,42,0,0
ure,180.1721486,2,FALSE,,0,0
urf,7467.956604,,FALSE,,0,0
urg,117.7340522,1400,FALSE,,0,0
urh,3418.801079,546000,FALSE,40,0,0
uri,195.9306429,3740,FALSE,,0,0
urk,210.0244799,,TRUE,31,1364.13591,1364.13591
url,432.1219355,,FALSE,,0,0
urm,60.75762067,370,FALSE,,0,0
urn,8.019787,400,TRUE,,6119.94463,851621.8382
uro,1170.493252,1900,FALSE,,0,0
urp,1065.190055,,FALSE,,0,0
urr,15.72116485,250,TRUE,,805631.526,1993256.276
urt,131.7069165,6280,FALSE,,0,0
uru,8082.25574,0,FALSE,,0,0
urv,188.6466634,0,TRUE,19,265963.7203,1421666.378
urw,256.9524017,2250,FALSE,,0,0
urx,241.2443241,800,FALSE,,0,0
ury,3637.124735,1600,FALSE,,0,0
urz,2666.03016,87,FALSE,,0,0
usa,68.60007532,1300,FALSE,,0,0
ush,39.3244078,2000,FALSE,,0,0
usi,3585.41773,22400,FALSE,,0,0
usk,1525.416992,10000,FALSE,,0,0
usp,17.08951054,2000,FALSE,,0,0
usu,10.12301311,270,FALSE,,0,0
uta,310.8558453,15000,FALSE,,0,0
ute,8112.599069,920,FALSE,25,0,0
utp,31.84263121,590,TRUE,25,1009481.146,2077985.632
utr,313.0057068,10000,FALSE,32,0,0
utu,60.94593562,580,FALSE,,0,0
uum,935.5406712,192700,FALSE,,0,0
uun,1076.278178,1,FALSE,22,0,0
uur,124.2046697,6,TRUE,,413712.4229,1801446.34
uuu,161.7932118,40000,FALSE,30,0,0
uve,40.35290656,2220,TRUE,18,87904.70989,1465418.588
uvh,235.7920735,2500,FALSE,21,0,0
uvl,373.6968821,5500,FALSE,,0,0
uwa,279.5764785,40,FALSE,,0,0
uya,486.795727,200,FALSE,,0,0
uzn,153656.0614,17695000,FALSE,29,0,0
uzs,93906.72234,2911980,FALSE,,0,0
vaa,29889.25726,9300,FALSE,,0,0
vae,1081.92573,5400,FALSE,,0,0
vaf,78.61623688,18000,FALSE,,0,0
vag,920.0914812,13500,FALSE,,0,0
vah,1090.144472,6970000,FALSE,,0,0
vai,4233.691432,119500,FALSE,33,0,0
vaj,19595.20512,61300,FALSE,,0,0
val,72.48388762,70,FALSE,,0,0
vam,84.84941413,2670,FALSE,23,0,0
van,199.4980372,1740,FALSE,,0,0
vao,10.24275024,1900,TRUE,,518849.5524,1792338.995
vap,405.4747009,40000,FALSE,,0,0
var,2562.205103,2840,FALSE,,0,0
vas,1370.112474,1200000,FALSE,,0,0
vau,172.7146036,6700,FALSE,,0,0
vav,649.3604566,600000,FALSE,,0,0
vay,104.9314443,1520,FALSE,,0,0
vbb,127.6693611,4460,TRUE,,257178.4214,415634.5992
vec,41050.28674,3852500,FALSE,,0,0
ved,254.8665146,0,FALSE,,0,0
vel,1036.865035,,FALSE,,0,0
vem,78.17011875,15000,FALSE,,0,0
ven,33460.88071,1294000,FALSE,50,0,0
veo,31.71554308,0,FALSE,,0,0
vep,3235.40382,3610,FALSE,30,0,0
ver,2653.693201,110520,FALSE,,0,0
vgr,2231.463307,10000,FALSE,,0,0
vgt,3212.117681,,FALSE,,0,0
vic,468.5626077,,TRUE,,347411.1815,746092.5523
vid,417.1159989,32000,FALSE,,0,0
vie,93424.15964,65807200,FALSE,36,0,0
vif,5233.138826,11000,FALSE,,0,0
vig,825.7137359,8000,FALSE,,0,0
vil,293.7607608,,FALSE,29,0,0
vin,3690.39528,10000,FALSE,,0,0
vis,231.9992577,150,FALSE,,0,0
vit,4.515311254,0,FALSE,,0,0
viv,310.2609892,6000,TRUE,20,27422.24843,803661.8413
vka,14518.36687,0,FALSE,25,0,0
vki,129.4006809,0,FALSE,,0,0
vkj,728.0201199,1000,FALSE,,0,0
vkk,2011.308858,,FALSE,,0,0
vkl,1090.47629,22000,TRUE,,5792.67205,979283.6379
vkm,41338.69765,0,FALSE,,0,0
vko,169.1341798,1500,FALSE,,0,0
vkp,1248.684109,750,FALSE,,0,0
vkt,20870.12682,,FALSE,,0,0
vku,6315.284008,50,FALSE,,0,0
vlp,182.0478637,300,TRUE,,569961.3384,1795687.399
vlr,210.273763,,TRUE,21,773150.0226,1974943.489
vls,4769.823796,1202000,FALSE,,0,0
vma,1830.440556,5,FALSE,,0,0
vmb,88095.47379,0,FALSE,22,0,0
vmc,402.1365816,16000,FALSE,,0,0
vmd,87.23069655,0,FALSE,,0,0
vme,12.72446714,520,TRUE,,276528.2431,397582.6029
vmf,36042.0982,4910000,FALSE,,0,0
vmg,33.29103648,600,FALSE,,0,0
vmh,722.0508642,0,FALSE,,0,0
vmi,13908.17005,0,FALSE,,0,0
vmj,164.9453997,6380,FALSE,,0,0
vmk,34768.08654,618000,FALSE,,0,0
vml,15094.83227,0,FALSE,,0,0
vmm,90.13225946,1800,FALSE,,0,0
vmp,992.3737717,27500,FALSE,24,0,0
vmq,64.51251887,220,FALSE,,0,0
vmr,1647.365916,90000,FALSE,,0,0
vms,472.6708051,,FALSE,,0,0
vmu,3058.298791,0,FALSE,,0,0
vmv,6469.453628,0,FALSE,,0,0
vmw,82163.35351,3090000,FALSE,24,0,0
vmx,76.60910418,1400,FALSE,,0,0
vmy,62.15528572,3700,FALSE,,0,0
vmz,147.9815482,12000,FALSE,,0,0
vnk,174.1389532,10,TRUE,24,1043746.739,2048663.491
vnm,81.51834578,500,TRUE,,518849.5524,1792338.995
vnp,139.9904888,380,TRUE,,569961.3384,1795687.399
vor,131.8968565,0,FALSE,,0,0
vot,47.53077791,68,FALSE,29,0,0
vrs,704.4990833,5160,TRUE,,491307.7385,1513131.779
vrt,78.60543665,900,TRUE,,518849.5524,1792338.995
vsv,69275.40272,,FALSE,,0,0
vto,60.58162548,630,FALSE,,0,0
vum,182.6560817,2460,FALSE,,0,0
vun,778.4839924,300000,FALSE,,0,0
vut,20664.2755,21000,FALSE,35,0,0
vwa,1229.731855,98000,FALSE,,0,0
waa,214.1801676,25,FALSE,37,0,0
wab,2.391062638,120,FALSE,,0,0
wac,264.2719577,58,FALSE,35,0,0
wad,7404.424304,5000,FALSE,,0,0
wae,19756.46394,22780,FALSE,,0,0
waf,5395.365667,,FALSE,,0,0
wag,9.855497746,1020,FALSE,,0,0
wah,26.38731612,4000,TRUE,,100104.0519,733171.5081
wai,1949.431294,,FALSE,,0,0
waj,692.8477893,1300,FALSE,24,0,0
wal,6486.88858,1710000,FALSE,,0,0
wam,22213.10274,4000,FALSE,22,0,0
wan,475.3772242,22000,FALSE,,0,0
wao,3256.838779,53,FALSE,32,0,0
wap,29444.57664,12500,FALSE,22,0,0
waq,9448.754636,10,FALSE,16,0,0
war,15523.3514,2560000,FALSE,20,0,0
was,636.4415546,10,FALSE,34,0,0
wat,51.72798042,360,TRUE,,27422.24843,803661.8413
wau,1028.258055,320,FALSE,,0,0
wav,91.74449127,5000,FALSE,,0,0
waw,6028.698912,2230,FALSE,20,0,0
wax,83.73644054,590,FALSE,,0,0
way,3747.15008,850,FALSE,18,0,0
waz,51.30379986,530,FALSE,,0,0
wba,43292.64081,28100,FALSE,18,0,0
wbb,297.713131,1500,TRUE,,22739.93143,1105716.838
wbe,508.5191681,150,FALSE,,0,0
wbf,315.2424698,4500,FALSE,,0,0
wbh,2544.94702,24000,FALSE,,0,0
wbi,1243.517414,28000,FALSE,,0,0
wbj,543.4894169,30000,FALSE,,0,0
wbk,1296.230526,11500,FALSE,,0,0
wbl,13478.13267,58000,FALSE,43,0,0
wbm,3675.499621,40700,FALSE,,0,0
wbp,222318.2021,2510,FALSE,23,0,0
wbq,1183.55109,172000,FALSE,,0,0
wbr,6983.085586,2510000,FALSE,,0,0
wbt,30791.03524,20,FALSE,21,0,0
wbv,22807.70455,89,FALSE,24,0,0
wbw,65.00011119,1800,TRUE,,22739.93143,1105716.838
wca,37503.08343,6000,FALSE,,0,0
wci,2118.729515,476000,FALSE,,0,0
wdd,1181.507966,10500,FALSE,,0,0
wdg,37.92070927,950,FALSE,,0,0
wdj,3836.575364,12,FALSE,21,0,0
wdu,52906.84451,0,FALSE,,0,0
wea,8732.967477,,FALSE,,0,0
wec,829.0698593,25200,FALSE,,0,0
wed,102.5285853,2200,FALSE,,0,0
weh,32.4420188,6900,FALSE,,0,0
wei,207.2830492,490,FALSE,,0,0
wem,547.0299608,60000,FALSE,,0,0
weo,2481.88957,6000,FALSE,,0,0
wep,10794.23974,0,FALSE,,0,0
wer,303.9708201,4160,FALSE,18,0,0
wes,24739.96914,0,FALSE,,0,0
wet,213.8270564,280,TRUE,,50469.26819,643115.676
wew,923.4408107,55000,TRUE,,45804.71934,694108.798
wfg,188.8170928,230,FALSE,,0,0
wga,34501.49388,0,FALSE,,0,0
wgg,49623.29449,0,FALSE,,0,0
wgi,515.2350613,39000,FALSE,24,0,0
wgo,1542.594171,300,TRUE,,46218.1871,1194175.115
wgw,68.76440285,,FALSE,,0,0
wgy,582.765189,3,FALSE,17,0,0
wha,3268.622494,7000,FALSE,,0,0
whg,1189.68253,47000,FALSE,,0,0
whk,1169.424423,9000,FALSE,,0,0
whu,1589.160034,,FALSE,,0,0
wib,848.5319115,19500,FALSE,34,0,0
wic,77.72382533,1,FALSE,17,0,0
wie,1032.408696,0,FALSE,,0,0
wif,2455.337074,,FALSE,,0,0
wig,221.5117465,130,FALSE,,0,0
wih,293.1400843,12,FALSE,23,0,0
wii,75.40824765,100,FALSE,,0,0
wij,2114.180487,40,FALSE,,0,0
wik,267.4621896,86,FALSE,,0,0
wil,17922.9011,0,FALSE,,0,0
wim,2311.22513,1060,FALSE,24,0,0
win,530.0028039,250,FALSE,33,0,0
wir,29639.73631,0,FALSE,,0,0
wit,181.4677678,,FALSE,30,0,0
wiu,1392.792779,15300,FALSE,17,0,0
wiv,53.63899161,8800,TRUE,,64330.33698,1005619.675
wiw,5525.268311,,FALSE,,0,0
wiy,2494.814987,450,FALSE,30,0,0
wja,1264.193896,60000,FALSE,,0,0
wji,497.9019275,77700,FALSE,,0,0
wka,2427.135673,0,FALSE,,0,0
wkb,37765.38732,,FALSE,,0,0
wkd,58.09690635,550,FALSE,,0,0
wkl,849.3630094,750,FALSE,,0,0
wku,448.4920298,1000,FALSE,,0,0
wkw,43844.5187,0,FALSE,21,0,0
wla,29.84518708,230,FALSE,,0,0
wlc,201.1343773,27200,TRUE,,327515.905,327515.905
wle,492.6630852,0,FALSE,,0,0
wlg,1715.131172,16,FALSE,,0,0
wli,280.7681967,3000,FALSE,,0,0
wlk,1257.088793,0,FALSE,29,0,0
wll,216.9675912,15000,FALSE,,0,0
wln,11568.49972,600000,FALSE,,0,0
wlo,521.3081489,65000,TRUE,24,5792.67205,979283.6379
wlr,34.12550318,100,TRUE,,569961.3384,1795687.399
wls,602.6151746,9620,FALSE,20,0,0
wlu,39610.82414,0,FALSE,,0,0
wlv,67112.42837,25000,FALSE,29,0,0
wlw,532.7062851,20000,FALSE,,0,0
wlx,2694.10912,138000,FALSE,,0,0
wly,2511.106552,0,FALSE,,0,0
wma,197.5463998,,FALSE,,0,0
wmb,66953.59275,89,FALSE,19,0,0
wmc,48.54366829,220,FALSE,,0,0
wmd,8692.789981,330,FALSE,,0,0
wme,64.08537783,13500,FALSE,,0,0
wmh,156.6856203,18400,FALSE,,0,0
wmi,25988.73856,0,FALSE,22,0,0
wmm,859.9866689,50000,FALSE,,0,0
wmn,552.9564973,0,FALSE,,0,0
wmo,71.4565235,4260,FALSE,,0,0
wms,1694.853903,3000,FALSE,18,0,0
wmt,77660.85353,510,FALSE,21,0,0
wmw,3115.743532,100000,FALSE,,0,0
wnb,196.0173984,590,FALSE,,0,0
wnc,561.0449139,8200,FALSE,22,0,0
wnd,3000.474953,0,FALSE,,0,0
wne,998.1555209,95000,FALSE,,0,0
wng,642.4875019,1180,FALSE,,0,0
wni,426.2005503,264000,TRUE,,389000.7652,392019.8387
wnk,159.8173286,10000,TRUE,,45804.71934,694108.798
wnm,52512.01297,0,FALSE,,0,0
wno,2918.927295,1000,FALSE,,0,0
wnp,70.75361783,1070,FALSE,18,0,0
wnu,93.16247185,1400,FALSE,,0,0
woa,278.6062359,,FALSE,19,0,0
wob,2067.793119,156000,FALSE,,0,0
wod,2545.941236,5000,FALSE,20,0,0
woe,1.538230003,1630,TRUE,25,1149812.307,2013493.523
wof,1758.036,185000,FALSE,,0,0
wog,267.2026674,700,FALSE,21,0,0
woi,453.2032461,6000,TRUE,24,31987.46765,625460.0625
wok,638.3069533,2400,FALSE,,0,0
wol,44463.79182,3942000,FALSE,32,0,0
wom,62.61528293,5000,FALSE,,0,0
won,2327.309049,12700,FALSE,,0,0
woo,238.8406353,9110,TRUE,,125370.4301,509138.4508
wor,311.8844704,5,FALSE,,0,0
wos,745.9026527,7200,FALSE,,0,0
wow,770.4516894,30000,TRUE,,6368.709591,1119688.841
woy,39255.79716,,FALSE,,0,0
wpc,6291.015954,2500,FALSE,,0,0
wra,271.6899628,300,FALSE,16,0,0
wrb,29916.07493,0,FALSE,,0,0
wrd,166.5175918,,FALSE,,0,0
wrg,8721.811671,0,FALSE,,0,0
wrh,147396.229,100,FALSE,,0,0
wri,50399.62556,0,FALSE,24,0,0
wrl,2340.928686,47,FALSE,,0,0
wrm,33388.99552,310,FALSE,,0,0
wrn,113.4063644,1100,FALSE,24,0,0
wrp,1180.770927,6000,FALSE,,0,0
wrr,21115.56965,84,FALSE,,0,0
wrs,983.4910303,4000,FALSE,21,0,0
wru,39.51259561,350,FALSE,,0,0
wrv,267.1750382,600,FALSE,18,0,0
wrw,6220.302238,0,FALSE,,0,0
wrx,311.8503547,3000,FALSE,,0,0
wry,27485.05606,3900000,FALSE,,0,0
wrz,4003.273703,0,FALSE,,0,0
wsa,1404.031191,600,FALSE,,0,0
wsi,265.8882054,300,TRUE,,569961.3384,1795687.399
wsk,192.9087031,20000,TRUE,19,0,0
wsr,79.17769642,350,FALSE,,0,0
wss,9562.501249,309000,FALSE,,0,0
wsu,16727.42116,,FALSE,,0,0
wsv,1837.485495,60,FALSE,43,0,0
wtf,68.24430738,510,FALSE,,0,0
wti,11194.84527,209000,FALSE,37,0,0
wtk,78.4680501,350,FALSE,,0,0
wtm,44100.58322,645000,FALSE,,0,0
wtw,222.7950523,500,FALSE,,0,0
wua,98.21366894,50,FALSE,,0,0
wub,17372.23508,30,FALSE,,0,0
wud,69.59902517,2000,FALSE,,0,0
wuh,1002.697574,,FALSE,,0,0
wul,1924.948216,5000,FALSE,,0,0
wum,2058.695533,18300,FALSE,,0,0
wun,6365.323514,36000,FALSE,,0,0
wur,264.5120077,0,FALSE,,0,0
wut,75.49683518,900,FALSE,,0,0
wuu,147012.9985,,FALSE,32,0,0
wuv,17.12880625,1000,TRUE,,160662.6237,993115.2081
wux,872.0945377,1,FALSE,,0,0
wwa,3839.798463,50000,FALSE,,0,0
wwo,76.72184089,200,TRUE,,732863.9126,1943580.992
wwr,13015.1375,0,FALSE,,0,0
www,474.737158,3000,FALSE,,0,0
wxa,2715.854296,300000,FALSE,,0,0
wya,85711.23162,24,FALSE,,0,0
wyb,28442.1062,12,FALSE,,0,0
wym,14649.03823,70,FALSE,,0,0
wyr,1531.927036,8,FALSE,,0,0
wyy,5804.307695,57000,TRUE,,1167874.978,2628218.327
xab,0.507565715,6,FALSE,,0,0
xac,1613.008341,59000,FALSE,,0,0
xai,190952.9371,,FALSE,,0,0
xal,531388.515,360500,FALSE,30,0,0
xam,121671.5596,0,FALSE,,0,0
xan,1976.253056,213000,FALSE,,0,0
xao,102.0892576,,FALSE,,0,0
xar,2535.34234,0,FALSE,,0,0
xas,36782.47899,0,FALSE,37,0,0
xat,460.3048007,10,FALSE,,0,0
xau,632.9828756,400,FALSE,,0,0
xav,47264.23041,9600,FALSE,,0,0
xaw,264.1585764,5,FALSE,26,0,0
xay,1831.215599,1300,FALSE,,0,0
xba,30364.78121,,FALSE,,0,0
xbi,149.7317225,2970,FALSE,,0,0
xbr,7481.161805,240000,TRUE,,45804.71934,694108.798
xbw,12793.60778,,FALSE,,0,0
xbx,3872.742934,,FALSE,,0,0
xdy,35524.72725,520000,FALSE,,0,0
xed,162.9878665,29000,FALSE,,0,0
xeg,106384.7221,0,FALSE,,0,0
xel,250.6416039,200,FALSE,,0,0
xem,3302.439775,11000,FALSE,,0,0
xer,3869.30934,1810,FALSE,,0,0
xes,186.9354525,770,FALSE,,0,0
xet,3433.921742,,FALSE,,0,0
xeu,1661.19717,5970,FALSE,,0,0
xhe,4811.015033,4000,FALSE,,0,0
xho,136908.7716,8168000,FALSE,66,0,0
xhv,1952.187465,,FALSE,,0,0
xia,130.8249293,,FALSE,,0,0
xin,5908.643922,,FALSE,24,0,0
xip,34636.45238,,FALSE,,0,0
xir,9991.200084,903,FALSE,,0,0
xka,4.140821075,6000,FALSE,,0,0
xkb,1989.20723,70000,FALSE,,0,0
xkc,22682.81185,0,FALSE,,0,0
xkd,1277.242638,1500,FALSE,,0,0
xke,5505.590438,500,FALSE,,0,0
xkf,3300.780352,50000,FALSE,,0,0
xkg,3389.02033,15000,FALSE,,0,0
xkh,74416.3509,,FALSE,,0,0
xki,13076.42802,,FALSE,,0,0
xkj,18155.44146,0,FALSE,,0,0
xkk,386.8433862,3370,FALSE,,0,0
xkl,33956.72288,52000,FALSE,,0,0
xkn,9085.05597,2000,FALSE,,0,0
xko,353.8587838,,FALSE,,0,0
xkp,94.02420609,0,FALSE,,0,0
xkq,30.27735069,500,FALSE,,0,0
xkr,317564.0126,4643,FALSE,,0,0
xks,22.95000107,3400,TRUE,,5792.67205,979283.6379
xkt,71.78893846,2300,FALSE,,0,0
xku,2288.362018,3020,FALSE,,0,0
xkv,222953.444,40000,FALSE,,0,0
xkw,83.19906886,20,FALSE,,0,0
xkx,538.4573505,550,FALSE,,0,0
xky,1834.447772,2750,FALSE,,0,0
xkz,1206.565657,15000,FALSE,,0,0
xla,6495.33828,800,FALSE,22,0,0
xma,552.6662956,,FALSE,,0,0
xmb,99.87475408,1490,FALSE,,0,0
xmc,9247.213792,463000,FALSE,,0,0
xmd,72.31287401,6000,FALSE,,0,0
xmf,8622.129762,500000,FALSE,36,0,0
xmg,170.7436199,20000,FALSE,,0,0
xmh,85.19536654,31,FALSE,24,0,0
xmj,603.3098918,500,FALSE,,0,0
xmm,11.80198087,,FALSE,,0,0
xmo,1008.335789,,FALSE,,0,0
xmp,620.6471442,0,FALSE,,0,0
xmq,1409.263964,,FALSE,,0,0
xms,32109.92193,,FALSE,,0,0
xmt,2048.047016,1250,TRUE,,69423.66192,1018741.337
xmu,4281.455745,0,FALSE,,0,0
xmv,26505.71428,330000,FALSE,,0,0
xmw,42134.63635,1615000,FALSE,,0,0
xmx,550.1721117,600,TRUE,,1383.768553,1091319.385
xmy,23762.95318,0,FALSE,,0,0
xmz,2470.41925,14000,FALSE,,0,0
xnb,0.167746814,4,FALSE,18,0,0
xnh,425.039546,,FALSE,,0,0
xnn,524.6247649,70000,FALSE,19,0,0
xnr,5141.448302,1700000,FALSE,,0,0
xns,122.1100189,1400,FALSE,,0,0
xod,660.7009104,3700,FALSE,,0,0
xog,8793.447842,2060000,FALSE,,0,0
xoi,60.83190005,320,FALSE,,0,0
xok,1120.813912,760,FALSE,,0,0
xom,3824.944962,18530,FALSE,34,0,0
xon,9503.406852,550100,FALSE,30,0,0
xoo,16528.70985,6363,FALSE,,0,0
xop,228.0851771,540,FALSE,,0,0
xor,460.8019808,26,FALSE,,0,0
xow,27.61882501,25,FALSE,,0,0
xpe,19073.61122,760000,FALSE,30,0,0
xpk,21380.70837,32,FALSE,,0,0
xpn,15830.95258,,FALSE,,0,0
xra,7631.905507,,FALSE,18,0,0
xrb,1920.566287,35000,FALSE,,0,0
xre,997.4511888,,FALSE,,0,0
xri,876.0830167,,FALSE,,0,0
xru,956.2993474,5,FALSE,,0,0
xrw,3.113510431,63,FALSE,,0,0
xsb,1495.664484,70000,FALSE,20,0,0
xse,4207.8762,1000,FALSE,15,0,0
xsh,981.2185255,0,FALSE,,0,0
xsi,101.1942035,3500,FALSE,24,0,0
xsj,5926.23459,,FALSE,,0,0
xsl,1614.567758,530,FALSE,45,0,0
xsm,5836.763644,250000,FALSE,36,0,0
xsn,132.9838558,20100,FALSE,,0,0
xsp,25.98634305,180,FALSE,,0,0
xsq,7097.350032,212000,FALSE,,0,0
xsr,2120.072792,164100,FALSE,37,0,0
xsu,16723.12056,5070,FALSE,18,0,0
xsy,101.9430451,4750,FALSE,23,0,0
xta,369.4749643,10000,FALSE,,0,0
xtb,326.8919724,3790,FALSE,,0,0
xtc,1139.750579,75000,FALSE,33,0,0
xtd,120.7953339,3410,FALSE,,0,0
xte,4563.580934,9970,FALSE,,0,0
xti,81.2939824,1110,FALSE,,0,0
xtj,115.1654116,330,FALSE,,0,0
xtl,161.3707624,3250,FALSE,,0,0
xtm,225.7435291,7350,FALSE,,0,0
xtn,369.319275,12300,FALSE,,0,0
xtp,19.56326776,460,FALSE,,0,0
xts,47.91059558,34,FALSE,,0,0
xtt,55.15256803,390,FALSE,,0,0
xtu,53.39095375,1880,FALSE,,0,0
xtw,13001.51024,0,FALSE,,0,0
xty,121.272865,10600,FALSE,,0,0
xua,165.0486602,2500,FALSE,,0,0
xub,262.506369,32000,FALSE,,0,0
xug,770.9551758,5000,TRUE,,505568.0813,626542.494
xuj,179.8152601,35000,FALSE,,0,0
xuo,1354.049356,20250,FALSE,,0,0
xut,1959.208096,0,FALSE,,0,0
xuu,77985.47123,6790,FALSE,68,0,0
xvi,14.66971575,20000,FALSE,,0,0
xwa,2615.709615,7,FALSE,,0,0
xwe,443.6752387,65000,FALSE,,0,0
xwg,93.24050923,1640,FALSE,,0,0
xwl,353.3717356,71000,FALSE,,0,0
xwr,1392.611573,300,FALSE,,0,0
xxk,197.2019058,40000,FALSE,,0,0
xyl,23105.78,,FALSE,,0,0
yaa,24216.96435,1570,FALSE,,0,0
yab,211.1802223,400,FALSE,,0,0
yac,2665.693931,5000,FALSE,,0,0
yad,19175.66841,5690,FALSE,14,0,0
yae,34485.05157,7900,FALSE,31,0,0
yaf,42321.21653,900000,FALSE,32,0,0
yag,30354.97058,1,FALSE,22,0,0
yah,481.354092,9000,FALSE,40,0,0
yai,215.2659844,12000,FALSE,29,0,0
yaj,6381.185336,26500,FALSE,,0,0
yak,5087.561225,25,FALSE,,0,0
yal,10686.14401,104500,FALSE,,0,0
yam,783.5957865,80000,FALSE,,0,0
yao,118987.4405,3116000,FALSE,32,0,0
yap,63.46010593,6590,TRUE,33,1212407.949,2292013.798
yaq,11946.16215,12230,FALSE,19,0,0
yar,1190.26025,20,FALSE,,0,0
yas,484.0883561,35000,FALSE,,0,0
yat,159.5622199,3700,FALSE,,0,0
yau,9018.031121,640,FALSE,,0,0
yav,138.7824688,2300,FALSE,,0,0
yaw,2739.988947,15,FALSE,,0,0
yax,3017.240695,,FALSE,,0,0
yay,480.9152506,20000,FALSE,,0,0
yaz,201.3656495,120000,FALSE,28,0,0
yba,659.0100233,200000,FALSE,36,0,0
ybb,589.6361033,300000,FALSE,34,0,0
ybd,15761.80317,,FALSE,,0,0
ybe,4689.730807,4600,FALSE,,0,0
ybh,654.9464965,20410,FALSE,,0,0
ybi,645.7369483,9210,FALSE,,0,0
ybj,94.43382777,3000,FALSE,,0,0
ybk,1516.319727,10000,FALSE,,0,0
ybl,707.8853566,15950,FALSE,,0,0
ybm,165.1054247,700,FALSE,,0,0
ybn,35968.45133,90,FALSE,,0,0
ybo,73.50820942,1500,FALSE,,0,0
ybx,341.6323299,66,FALSE,,0,0
yby,57.40133835,2000,FALSE,,0,0
ych,2154.969272,3300,FALSE,,0,0
ycl,15248.39124,380000,FALSE,,0,0
ycn,1377.506978,1800,FALSE,22,0,0
ycp,1338.754654,2000,FALSE,,0,0
ydd,126406.8081,,FALSE,27,0,0
yde,28.66553949,180,FALSE,,0,0
ydg,60.04448935,6150,FALSE,39,0,0
ydk,28.16798157,770,FALSE,,0,0
yea,762.0894757,26900,FALSE,,0,0
yee,97.73710575,300,FALSE,,0,0
yei,340.4887808,0,FALSE,,0,0
yel,15841.92593,33000,FALSE,,0,0
yen,445.9970797,,FALSE,,0,0
yer,4189.260898,300000,FALSE,34,0,0
yes,678.8229966,70000,FALSE,,0,0
yet,1080.157275,1000,FALSE,21,0,0
yeu,318.5983235,69500,FALSE,,0,0
yev,17.46256465,60,FALSE,,0,0
yey,81363.13715,55000,FALSE,,0,0
ygl,14.938776,45,FALSE,,0,0
ygm,1.899738032,280,FALSE,,0,0
ygp,13678.04956,100000,FALSE,,0,0
ygr,514.1196708,21100,FALSE,21,0,0
ygw,939.5449768,10000,FALSE,20,0,0
yha,90.08008136,600,FALSE,,0,0
yhl,1065.446646,36000,FALSE,,0,0
yia,32545.47129,5,FALSE,24,0,0
yif,5490.226508,35000,FALSE,,0,0
yig,10557.33383,500000,FALSE,,0,0
yih,20631.9263,5000,FALSE,,0,0
yii,642.1006277,150,FALSE,17,0,0
yij,34446.38578,310,FALSE,24,0,0
yik,8981.398108,30000,FALSE,,0,0
yil,48856.32432,0,FALSE,,0,0
yim,1518.053891,92100,FALSE,,0,0
yin,8022.483,12000,FALSE,,0,0
yip,2272.94096,30000,FALSE,,0,0
yiq,3444.198657,30000,FALSE,,0,0
yir,1094.353858,1500,FALSE,,0,0
yis,196.1574347,320,FALSE,,0,0
yit,3464.692003,38000,FALSE,,0,0
yiu,1974.858802,20000,FALSE,,0,0
yiv,739.3030749,160000,FALSE,,0,0
yix,15044.66373,100000,FALSE,,0,0
yiy,517.833828,,FALSE,25,0,0
yiz,2425.26121,54000,FALSE,,0,0
yka,1024.507277,106000,TRUE,22,16305.38483,1489561.927
ykg,8283.870853,370,FALSE,24,0,0
yki,542.6881336,200,FALSE,,0,0
ykk,2.543035755,100,FALSE,,0,0
ykl,1296.346824,21000,FALSE,,0,0
ykm,69.40841561,3460,FALSE,,0,0
yko,672.5269415,2400,FALSE,28,0,0
ykr,36.14817954,1050,FALSE,20,0,0
ykt,2460.24274,5000,FALSE,,0,0
yky,1590.916324,100000,FALSE,28,0,0
yla,91.21062867,1210,FALSE,,0,0
yle,287.3673477,3750,TRUE,,361078.6259,1014359.269
ylg,139.7568289,160,FALSE,21,0,0
yli,3808.886453,15000,FALSE,,0,0
yll,74.2246299,2470,FALSE,19,0,0
ylm,7619.013493,29000,FALSE,,0,0
yln,63.73132538,300,FALSE,,0,0
ylo,14019.93115,15000,FALSE,,0,0
ylr,26442.41547,0,FALSE,20,0,0
ylu,116.5729988,500,FALSE,,0,0
yly,467.1888411,1960,FALSE,,0,0
yma,105.0090873,,FALSE,,0,0
ymb,36.81648583,1080,FALSE,,0,0
ymc,1355.600972,26000,FALSE,,0,0
ymd,2366.826761,2000,FALSE,,0,0
yme,8403.508547,0,FALSE,,0,0
ymg,35341.03274,,FALSE,,0,0
ymh,5725.394349,23000,FALSE,,0,0
ymi,843.48198,2000,FALSE,,0,0
ymk,5267.981204,32000,FALSE,,0,0
yml,259.2131228,2800,TRUE,,41205.87846,808868.4521
ymm,89449.31036,1860000,FALSE,,0,0
ymn,80.87480378,560,FALSE,,0,0
ymo,78.94451593,730,FALSE,,0,0
ymp,89.60989078,1580,FALSE,,0,0
ymq,1148.029782,1500,FALSE,,0,0
ymr,4552.734874,7760,FALSE,,0,0
ymx,886.8031458,9000,FALSE,,0,0
ymz,1461.566852,10000,FALSE,,0,0
y,11707.80728,25000,FALSE,,0,0
ynd,44961.4415,0,FALSE,,0,0
yne,4550.993404,,FALSE,,0,0
yng,43.33986372,3000,FALSE,,0,0
ynh,147.4289201,,FALSE,,0,0
ynk,2400.825979,510,FALSE,22,0,0
ynl,68.20552499,400,FALSE,,0,0
yno,1945.966598,12600,FALSE,,0,0
yns,21863.38773,100000,FALSE,,0,0
ynu,29051.73703,0,FALSE,,0,0
yob,377.1176853,0,FALSE,,0,0
yog,142.2139487,16000,FALSE,20,0,0
yoi,28.91883909,800,TRUE,,108824.1728,346643.8475
yok,321.4510923,50,FALSE,39,0,0
yom,19800.27923,1056400,FALSE,28,0,0
yon,3004.591628,6000,FALSE,14,0,0
yor,103634.5191,18900000,FALSE,27,0,0
yox,17.25802915,950,TRUE,,487908.9434,674177.9797
yoy,499.195585,6000,FALSE,,0,0
ypa,1448.911189,12000,FALSE,,0,0
ypb,1417.46398,17000,FALSE,,0,0
ypg,1556.031996,13000,FALSE,,0,0
yph,1266.420794,1300,FALSE,,0,0
ypm,1867.226245,8000,FALSE,,0,0
ypn,916.3731446,10000,FALSE,,0,0
ypo,907.0569693,500,FALSE,,0,0
ypp,385.0022517,3000,FALSE,,0,0
ypz,396.8284079,6000,FALSE,,0,0
yra,184.5783932,380,FALSE,,0,0
yrb,1347.911249,750,FALSE,19,0,0
yre,114.7575502,40000,FALSE,,0,0
yri,640.1191629,,FALSE,,0,0
yrk,102275.8131,21900,FALSE,26,0,0
yrl,7354.002842,19060,FALSE,25,0,0
yrn,293.6588952,380,FALSE,,0,0
yrw,30.6810591,130,FALSE,,0,0
ysd,2822.028175,400,FALSE,,0,0
ysn,2520.594757,100000,FALSE,,0,0
yso,951.1454641,36000,FALSE,,0,0
ysp,6228.920367,,FALSE,,0,0
ysr,87508.57608,0,FALSE,,0,0
yss,292.4792071,1990,FALSE,20,0,0
ysy,2634.966525,8000,FALSE,,0,0
yta,2913.640037,13600,FALSE,,0,0
ytl,6154.380897,950,FALSE,,0,0
ytp,694.5922519,200,FALSE,,0,0
yua,130356.175,741000,FALSE,26,0,0
yub,14021.19882,0,FALSE,,0,0
yuc,59.03828965,5,FALSE,45,0,0
yue,146663.6241,,FALSE,24,0,0
yuf,4169.79385,1600,FALSE,24,0,0
yui,868.9456023,1150,FALSE,,0,0
yuj,395.0347359,1140,FALSE,,0,0
yuk,3816.859177,1200,FALSE,,0,0
yul,5748.891504,10000,FALSE,40,0,0
yum,231.0149934,150,FALSE,,0,0
yun,640.2373829,95000,FALSE,,0,0
yup,6411.382628,6020,FALSE,17,0,0
yuq,227.9384628,120,FALSE,,0,0
yur,297.1069859,12,FALSE,29,0,0
yus,5146.113473,,FALSE,,0,0
yut,553.2868411,9000,FALSE,25,0,0
yuu,806.5237796,,FALSE,,0,0
yuw,294.0345181,1700,FALSE,,0,0
yux,3635.645785,370,FALSE,,0,0
yuy,1391.916503,4000,FALSE,,0,0
yuz,920.2883124,2680,FALSE,23,0,0
yva,924.370111,10000,TRUE,,22739.93143,1105716.838
yvt,78515.09462,1,FALSE,,0,0
ywa,77.56468632,1370,FALSE,,0,0
ywl,4518.629808,38000,FALSE,,0,0
ywn,971.8264363,520,FALSE,,0,0
ywq,3331.786001,250000,FALSE,,0,0
ywr,5122.121155,,FALSE,,0,0
ywt,15318.48576,213000,FALSE,,0,0
ywu,9283.045864,150000,FALSE,,0,0
yww,88117.24887,0,FALSE,,0,0
yyu,4.661958209,140,FALSE,,0,0
yyz,4129.268854,50,FALSE,,0,0
yzg,73.726389,600,FALSE,,0,0
yzk,1178.006914,13000,FALSE,,0,0
zaa,206.0554022,4000,FALSE,28,0,0
zab,620.7326194,28000,FALSE,,0,0
zac,48.56263075,15000,FALSE,,0,0
zad,84.60700685,5000,FALSE,,0,0
zae,77.44962422,2900,FALSE,,0,0
zaf,39.41189087,880,FALSE,,0,0
zag,120475.3762,162000,FALSE,,0,0
zah,87.41166445,100,FALSE,,0,0
zai,1683.83579,85000,FALSE,29,0,0
zaj,9762.218421,0,FALSE,,0,0
zak,843.0597854,100000,FALSE,,0,0
zal,191.9428111,2100,FALSE,,0,0
zam,188.1290074,1000,FALSE,,0,0
zao,798.5277355,6500,FALSE,,0,0
zaq,107.004569,3400,FALSE,,0,0
zar,870.9394356,29200,FALSE,28,0,0
zas,34.34274978,5500,FALSE,,0,0
zat,91.08004709,2000,FALSE,,0,0
zau,1833.134877,12000,FALSE,,0,0
zav,22.60443866,2500,FALSE,28,0,0
zaw,556.6411647,19500,FALSE,27,0,0
zax,19.08718595,340,FALSE,,0,0
zay,511.3954807,18500,FALSE,33,0,0
zaz,1006.696565,,FALSE,,0,0
zbc,160.7121896,1500,FALSE,,0,0
zbe,251.7277051,1100,FALSE,,0,0
zbt,80.67481031,2900,FALSE,,0,0
zbw,100.6616749,1000,FALSE,,0,0
zca,65.72472019,4880,FALSE,,0,0
zch,13726.26945,1080000,FALSE,,0,0
zdj,1009.733872,300000,TRUE,35,292004.2916,292004.2916
zea,1303.125075,220000,FALSE,,0,0
zeg,89.28423529,1820,FALSE,,0,0
zeh,13777.8868,1200000,FALSE,,0,0
zen,3793.430219,200,FALSE,34,0,0
zga,2885.36568,140000,FALSE,,0,0
zgb,18837.62603,1500000,FALSE,,0,0
zgm,452.2883963,173000,FALSE,,0,0
zgn,19103.53947,1000000,FALSE,,0,0
zgr,94.80681309,100,FALSE,,0,0
zhb,1406.176245,7800,FALSE,,0,0
zhd,3377.883142,100000,FALSE,,0,0
zhi,981.2185255,0,FALSE,,0,0
zhn,5020.859954,500000,FALSE,,0,0
zhw,7.706732187,0,FALSE,,0,0
zia,655.2562709,4500,FALSE,21,0,0
zik,2843.782621,1500,FALSE,23,0,0
zim,525.8145222,20100,FALSE,,0,0
zin,6888.751607,138000,FALSE,,0,0
zir,690.2701684,2000,FALSE,,0,0
ziw,14491.68729,355000,FALSE,,0,0
ziz,90.5881221,6200,FALSE,,0,0
zka,18.30305013,2200,TRUE,,97779.47568,990233.7911
zkp,14509.79056,0,FALSE,,0,0
zkr,3982.51912,900,FALSE,,0,0
zlj,9866.711316,1560000,FALSE,,0,0
zlm,175294.5595,,FALSE,28,0,0
zln,714.0030373,48000,FALSE,,0,0
zlq,1590.838653,370000,FALSE,,0,0
zma,292.5970185,25,FALSE,,0,0
zmb,8164.39351,120000,FALSE,,0,0
zmc,61402.11239,0,FALSE,,0,0
zmd,649.5711629,20,FALSE,,0,0
zme,1605.646505,0,FALSE,,0,0
zmf,2662.455384,8400,FALSE,,0,0
zmg,450.8461838,3,FALSE,,0,0
zmh,567.6717334,0,FALSE,,0,0
zmi,6417.138939,,FALSE,,0,0
zmj,327.4285395,20,FALSE,,0,0
zmk,33377.35582,0,FALSE,,0,0
zml,799.4252791,15,FALSE,19,0,0
zmm,747.6140296,15,FALSE,20,0,0
zmn,2662.295578,5200,FALSE,,0,0
zmo,96.44645099,100,FALSE,,0,0
zmp,7833.613,165000,FALSE,,0,0
zmq,8746.993513,50900,FALSE,,0,0
zmr,596.609072,15,FALSE,19,0,0
zms,4949.296258,8400,FALSE,,0,0
zmt,1670.505542,30,FALSE,20,0,0
zmu,60319.10555,0,FALSE,,0,0
zmv,1799.046379,0,FALSE,,0,0
zmw,3125.329662,11000,FALSE,,0,0
zmx,4124.2112,9600,FALSE,,0,0
zmy,207.8624742,20,FALSE,,0,0
zmz,7751.59888,361060,FALSE,,0,0
z,1765.018952,5000,FALSE,,0,0
zne,160657.1199,1142000,FALSE,32,0,0
zng,177.0455553,3160,FALSE,,0,0
znk,360.5492682,,FALSE,,0,0
zns,145.4012223,100,FALSE,,0,0
zoc,153.6957891,10000,FALSE,25,0,0
zoh,732.3879847,4500,FALSE,,0,0
zom,605.2790034,81900,FALSE,,0,0
zoo,132.4948042,100,FALSE,,0,0
zoq,267.0388902,2,FALSE,,0,0
zor,180.9828082,2100,FALSE,,0,0
zos,1703.910583,20000,FALSE,,0,0
zpa,643.6324078,5000,FALSE,,0,0
zpb,47.88349167,310,FALSE,,0,0
zpc,844.8088566,12000,FALSE,32,0,0
zpd,253.7304737,6000,FALSE,,0,0
zpe,99.04513045,8000,FALSE,,0,0
zpf,386.174477,14800,FALSE,,0,0
zpg,743.0005669,4720,FALSE,,0,0
zph,17.8071802,260,FALSE,,0,0
zpi,306.8020548,2000,FALSE,,0,0
zpj,318.8041013,4000,FALSE,,0,0
zpk,83.64600195,140,FALSE,,0,0
zpl,263.2366895,6500,FALSE,32,0,0
zpm,505.8155269,7000,FALSE,,0,0
zpn,41.91560179,2240,FALSE,,0,0
zpo,121.9891557,10000,FALSE,,0,0
zpp,52.3878706,900,FALSE,,0,0
zpq,95.17151207,1000,FALSE,,0,0
zpr,119.9866029,2500,FALSE,,0,0
zps,215.5928349,500,FALSE,36,0,0
zpt,57.96795946,3380,FALSE,,0,0
zpu,74.40078626,3500,FALSE,,0,0
zpv,79.06068609,2720,FALSE,,0,0
zpw,163.8801194,770,FALSE,,0,0
zpx,89.67262964,1500,FALSE,,0,0
zpy,9.60760496,2200,FALSE,,0,0
zpz,342.3851577,4100,FALSE,,0,0
zqe,2579.943045,140000,FALSE,,0,0
zrg,511.5757684,,FALSE,,0,0
zrn,146.0765973,2240,FALSE,,0,0
zro,5391.142212,5,FALSE,18,0,0
zrp,38994.4081,,FALSE,,0,0
zrs,5178.946714,3300,FALSE,,0,0
zsa,52.34310027,600,FALSE,,0,0
zsm,900.4590144,,FALSE,,0,0
zsr,108.7602869,12000,FALSE,,0,0
zsu,109.594457,1160,FALSE,,0,0
zte,17.22091399,200,FALSE,20,0,0
ztg,126.3658356,2500,FALSE,,0,0
ztl,206.927591,4200,FALSE,,0,0
ztm,27.26108457,59,FALSE,,0,0
ztn,71.7198314,1000,FALSE,,0,0
ztp,1696.72046,75000,FALSE,,0,0
ztq,472.538472,4000,FALSE,,0,0
zts,29.97342429,5000,FALSE,,0,0
ztt,4.763390817,120,FALSE,,0,0
ztu,75.47481325,9500,FALSE,,0,0
ztx,49.67303045,550,FALSE,,0,0
zty,56.01715065,5000,FALSE,,0,0
zua,257.7029793,400,FALSE,,0,0
zuh,37.70709928,6000,FALSE,,0,0
zul,135135.5934,11851000,FALSE,57,0,0
zum,201.8270826,2300,FALSE,,0,0
zun,1844.973668,9650,FALSE,22,0,0
zuy,34.97949149,25,FALSE,,0,0
zwa,686.1978636,4880,FALSE,,0,0
zyb,11014.21494,1980000,FALSE,,0,0
zyg,7410.160619,765000,FALSE,,0,0
zyj,8098.885182,870000,FALSE,,0,0
zyn,15073.28508,1800000,FALSE,,0,0
zyp,3016.662193,20000,FALSE,,0,0
zzj,13535.38872,1500000,FALSE,,0,0